datetime,mwd,day,survey,hour,julian
2018-07-20 20:00:00,12.140597799033634,1,1,0,201.83333333348855
2018-07-20 21:00:00,13.116865546740707,1,1,1,201.875
2018-07-20 22:00:00,14.071307661161516,1,1,2,201.91666666651145
2018-07-20 23:00:00,15.245633243143722,1,1,3,201.95833333348855
2018-07-21 00:00:00,14.12469321948572,1,1,4,202.0
2018-07-21 01:00:00,12.957694829997163,1,1,5,202.04166666651145
2018-07-21 02:00:00,13.839602404386673,1,1,6,202.08333333348855
2018-07-21 03:00:00,14.736624502173155,1,1,7,202.125
2018-07-21 04:00:00,16.694464223470156,1,1,8,202.16666666651145
2018-07-21 05:00:00,19.61232157127715,1,1,9,202.20833333348855
2018-07-21 06:00:00,20.47335809834753,1,1,10,202.25
2018-07-21 07:00:00,21.585776708862113,1,1,11,202.29166666651145
2018-07-21 08:00:00,20.475199568402623,1,1,12,202.33333333348855
2018-07-21 09:00:00,16.227847334174214,1,1,13,202.375
2018-07-21 10:00:00,20.08463170674683,0,1,14,202.41666666651145
2018-07-21 11:00:00,20.072826737169994,0,1,15,202.45833333348855
2018-07-21 12:00:00,19.829395956312663,0,1,16,202.5
2018-07-21 13:00:00,22.433581621009065,1,1,17,202.54166666651145
2018-07-21 14:00:00,23.57731259865738,1,1,18,202.58333333348855
2018-07-21 15:00:00,23.427120898458938,1,1,19,202.625
2018-07-21 16:00:00,21.5850492948415,1,1,20,202.66666666651145
2018-07-21 17:00:00,19.334707550769664,1,1,21,202.70833333348855
2018-07-21 18:00:00,17.32411494561758,1,1,22,202.75
2018-07-21 19:00:00,18.240849954780046,1,1,23,202.79166666651145
2018-07-21 20:00:00,22.533168733949335,1,1,24,202.83333333348855
2018-07-21 21:00:00,22.42429871841152,1,1,25,202.875
2018-07-21 22:00:00,17.479753208147574,1,1,26,202.91666666651145
2018-07-21 23:00:00,20.05994558555504,1,1,27,202.95833333348855
2018-07-22 00:00:00,24.02326045337434,1,1,28,203.0
2018-07-22 01:00:00,21.113404904393327,1,1,29,203.04166666651145
2018-07-22 02:00:00,17.46794812936942,1,1,30,203.08333333348855
2018-07-22 03:00:00,18.66382734204439,1,1,31,203.125
2018-07-22 04:00:00,17.550150599753422,1,1,32,203.16666666651145
2018-07-22 05:00:00,19.338002351064745,1,1,33,203.20833333348855
2018-07-22 06:00:00,19.005951380970227,1,1,34,203.25
2018-07-22 07:00:00,20.509324695340286,1,1,35,203.29166666651145
2018-07-22 08:00:00,22.827262165713496,1,1,36,203.33333333348855
2018-07-22 09:00:00,19.4684011734441,0,1,37,203.375
2018-07-22 10:00:00,23.676383034212204,0,1,38,203.41666666651145
2018-07-22 11:00:00,20.814856734384865,0,1,39,203.45833333348855
2018-07-22 12:00:00,19.11404944398332,0,1,40,203.5
2018-07-22 13:00:00,14.9713392804612,1,1,41,203.54166666651145
2018-07-22 14:00:00,13.123739629641033,1,1,42,203.58333333348855
2018-07-22 15:00:00,13.595549859753836,1,1,43,203.625
2018-07-22 16:00:00,14.235156610634228,1,1,44,203.66666666651145
2018-07-22 17:00:00,13.667273113577282,1,1,45,203.70833333348855
2018-07-22 18:00:00,14.237559087163689,1,1,46,203.75
2018-07-22 19:00:00,14.350172552637902,1,1,47,203.79166666651145
2018-07-22 20:00:00,16.145421064863395,1,1,48,203.83333333348855
2018-07-22 21:00:00,17.98140281021614,1,1,49,203.875
2018-07-22 22:00:00,19.97265516150994,1,1,50,203.91666666651145
2018-07-22 23:00:00,25.16250002214752,1,1,51,203.95833333348855
2018-07-23 00:00:00,22.769673744161256,1,1,52,204.0
2018-07-23 01:00:00,22.563094679365676,1,1,53,204.04166666651145
2018-07-23 02:00:00,21.64105636541433,1,1,54,204.08333333348855
2018-07-23 03:00:00,20.94507195083655,1,1,55,204.125
2018-07-23 04:00:00,20.60328766646775,1,1,56,204.16666666651145
2018-07-23 05:00:00,22.520256030788556,1,1,57,204.20833333348855
2018-07-23 06:00:00,22.733246395562944,1,1,58,204.25
2018-07-23 07:00:00,25.873326052717566,1,1,59,204.29166666651145
2018-07-23 08:00:00,22.865445830461372,1,1,60,204.33333333348855
2018-07-23 09:00:00,24.374120036714928,1,1,61,204.375
2018-07-23 10:00:00,20.405044971513302,0,1,62,204.41666666651145
2018-07-23 11:00:00,18.849074877574324,0,1,63,204.45833333348855
2018-07-23 12:00:00,17.398286893064643,1,1,64,204.5
2018-07-23 13:00:00,19.237976579581368,1,1,65,204.54166666651145
2018-07-23 14:00:00,22.050553036597734,1,1,66,204.58333333348855
2018-07-23 15:00:00,22.18586703875254,1,1,67,204.625
2018-07-23 16:00:00,20.314972025324767,1,1,68,204.66666666651145
2018-07-23 17:00:00,20.39625311773899,1,1,69,204.70833333348855
2018-07-23 18:00:00,23.671120584677997,1,1,70,204.75
2018-07-23 19:00:00,22.319840798983662,1,1,71,204.79166666651145
2018-07-23 20:00:00,21.610480868838675,1,1,72,204.83333333348855
2018-07-23 21:00:00,21.346158355532992,1,1,73,204.875
2018-07-23 22:00:00,22.975983802091914,1,1,74,204.91666666651145
2018-07-23 23:00:00,22.959281926552205,1,1,75,204.95833333348855
2018-07-24 00:00:00,22.7290935593895,1,1,76,205.0
2018-07-24 01:00:00,23.870223912733266,1,1,77,205.04166666651145
2018-07-24 02:00:00,23.13841683557551,1,1,78,205.08333333348855
2018-07-24 03:00:00,25.30776700615508,1,1,79,205.125
2018-07-24 04:00:00,23.118154104574284,1,1,80,205.16666666651145
2018-07-24 05:00:00,21.011338466140252,1,1,81,205.20833333348855
2018-07-24 06:00:00,23.18719748929738,1,1,82,205.25
2018-07-24 07:00:00,18.606955279476637,1,1,83,205.29166666651145
2018-07-24 08:00:00,18.671014083238838,1,1,84,205.33333333348855
2018-07-24 09:00:00,20.91978039094665,1,1,85,205.375
2018-07-24 10:00:00,22.576871282193967,1,1,86,205.41666666651145
2018-07-24 11:00:00,23.234308533976,1,1,87,205.45833333348855
2018-07-24 12:00:00,23.13812089839149,1,1,88,205.5
2018-07-24 13:00:00,27.42440854062693,1,1,89,205.54166666651145
2018-07-24 14:00:00,33.15421782360236,1,1,90,205.58333333348855
2018-07-24 15:00:00,32.14867824141809,1,1,91,205.625
2018-07-24 16:00:00,28.26052102017855,1,1,92,205.66666666651145
2018-07-24 17:00:00,25.881757762996216,1,1,93,205.70833333348855
2018-07-24 18:00:00,23.724429019905056,1,1,94,205.75
2018-07-24 19:00:00,20.769523802716353,1,1,95,205.79166666651145
2018-07-24 20:00:00,22.52979634051302,1,1,96,205.83333333348855
2018-07-24 21:00:00,17.825016842547832,1,1,97,205.875
2018-07-24 22:00:00,18.691284700716018,1,1,98,205.91666666651145
2018-07-24 23:00:00,16.941367877506377,1,1,99,205.95833333348855
2018-07-25 00:00:00,12.418815088112366,1,1,100,206.0
2018-07-25 01:00:00,11.077413766404696,1,1,101,206.04166666651145
2018-07-25 02:00:00,13.291334167691813,1,1,102,206.08333333348855
2018-07-25 03:00:00,12.819613799864044,1,1,103,206.125
2018-07-25 04:00:00,14.310004378345676,1,1,104,206.16666666651145
2018-07-25 05:00:00,15.690342294843324,1,1,105,206.20833333348855
2018-07-25 06:00:00,13.099761898882132,1,1,106,206.25
2018-07-25 07:00:00,10.517748728029538,1,1,107,206.29166666651145
2018-07-25 08:00:00,11.439292088585075,1,1,108,206.33333333348855
2018-07-25 09:00:00,12.449439504897867,1,1,109,206.375
2018-07-25 10:00:00,11.217299849102977,0,1,110,206.41666666651145
2018-07-25 11:00:00,13.33307836960872,0,1,111,206.45833333348855
2018-07-25 12:00:00,14.021481137029438,0,1,112,206.5
2018-07-25 13:00:00,13.417156520753059,1,1,113,206.54166666651145
2018-07-25 14:00:00,17.35585371393483,1,1,114,206.58333333348855
2018-07-25 15:00:00,16.53143027906231,1,1,115,206.625
2018-07-25 16:00:00,20.303109496642254,1,1,116,206.66666666651145
2018-07-25 17:00:00,21.75848919656852,1,1,117,206.70833333348855
2018-07-25 18:00:00,20.703496852352202,1,1,118,206.75
2018-07-25 19:00:00,18.286606627990615,1,1,119,206.79166666651145
2018-07-25 20:00:00,18.318617903402476,1,1,120,206.83333333348855
2018-07-25 21:00:00,18.908137101625986,1,1,121,206.875
2018-07-25 22:00:00,19.659663036915383,1,1,122,206.91666666651145
2018-07-25 23:00:00,19.364429433925526,1,1,123,206.95833333348855
2018-07-26 00:00:00,,0,1,124,207.0
2018-07-26 01:00:00,21.256927806503718,1,1,125,207.04166666651145
2018-07-26 02:00:00,22.38437230052541,1,1,126,207.08333333348855
2018-07-26 03:00:00,21.235692094040708,1,1,127,207.125
2018-07-26 04:00:00,23.253523032377775,1,1,128,207.16666666651145
2018-07-26 05:00:00,22.409946028431516,1,1,129,207.20833333348855
2018-07-26 06:00:00,18.520705000673455,1,1,130,207.25
2018-07-26 07:00:00,15.725258563721397,1,1,131,207.29166666651145
2018-07-26 08:00:00,14.650187568059803,1,1,132,207.33333333348855
2018-07-26 09:00:00,13.35600604351874,1,1,133,207.375
2018-07-26 10:00:00,14.062951224354345,0,1,134,207.41666666651145
2018-07-26 11:00:00,17.394012248965826,0,1,135,207.45833333348855
2018-07-26 12:00:00,18.40635868731615,0,1,136,207.5
2018-07-26 13:00:00,21.999308203461197,0,1,137,207.54166666651145
2018-07-26 14:00:00,23.25116849742467,1,1,138,207.58333333348855
2018-07-26 15:00:00,25.472090015890156,1,1,139,207.625
2018-07-26 16:00:00,23.795848950185537,1,1,140,207.66666666651145
2018-07-26 17:00:00,21.41543952833637,1,1,141,207.70833333348855
2018-07-26 18:00:00,21.262009082326582,1,1,142,207.75
2018-07-26 19:00:00,20.236972982147268,1,1,143,207.79166666651145
2018-07-26 20:00:00,19.278942472627097,1,1,144,207.83333333348855
2018-07-26 21:00:00,19.712887137833008,1,1,145,207.875
2018-07-26 22:00:00,19.191833176086874,1,1,146,207.91666666651145
2018-07-26 23:00:00,20.281742936391936,1,1,147,207.95833333348855
2018-07-27 00:00:00,20.13785921917063,1,1,148,208.0
2018-07-27 01:00:00,20.871209341443382,1,1,149,208.04166666651145
2018-07-27 02:00:00,24.881676893433607,1,1,150,208.08333333348855
2018-07-27 03:00:00,27.44019603231716,1,1,151,208.125
2018-07-27 04:00:00,22.990296648640573,1,1,152,208.16666666651145
2018-07-27 05:00:00,21.875956194349566,1,1,153,208.20833333348855
2018-07-27 06:00:00,19.167873763442373,1,1,154,208.25
2018-07-27 07:00:00,17.987630335557363,1,1,155,208.29166666651145
2018-07-27 08:00:00,19.351259210153486,1,1,156,208.33333333348855
2018-07-27 09:00:00,22.090143677963564,1,1,157,208.375
2018-07-27 10:00:00,15.681097441814869,0,1,158,208.41666666651145
2018-07-27 11:00:00,18.708908382201173,0,1,159,208.45833333348855
2018-07-27 12:00:00,18.328015940263462,1,1,160,208.5
2018-07-27 13:00:00,21.443849188412887,1,1,161,208.54166666651145
2018-07-27 14:00:00,22.051164160923147,1,1,162,208.58333333348855
2018-07-27 15:00:00,25.762215368672273,1,1,163,208.625
2018-07-27 16:00:00,24.692165533005042,1,1,164,208.66666666651145
2018-07-27 17:00:00,22.309761924604313,1,1,165,208.70833333348855
2018-07-27 18:00:00,23.317809510576737,1,1,166,208.75
2018-07-27 19:00:00,22.915671078297432,1,1,167,208.79166666651145
2018-07-27 20:00:00,23.09414605355402,1,1,168,208.83333333348855
2018-07-27 21:00:00,22.655196572253566,1,1,169,208.875
2018-07-27 22:00:00,21.14280277271307,1,1,170,208.91666666651145
2018-07-27 23:00:00,20.802724246597375,1,1,171,208.95833333348855
2018-07-28 00:00:00,22.586973545466634,1,1,172,209.0
2018-07-28 01:00:00,21.760685018351946,1,1,173,209.04166666651145
2018-07-28 02:00:00,23.04409438584105,1,1,174,209.08333333348855
2018-07-28 03:00:00,20.738705569291845,1,1,175,209.125
2018-07-28 04:00:00,21.071876854703124,1,1,176,209.16666666651145
2018-07-28 05:00:00,16.14379171657459,1,1,177,209.20833333348855
2018-07-28 06:00:00,14.930920358628448,1,1,178,209.25
2018-07-28 07:00:00,16.374841739988838,1,1,179,209.29166666651145
2018-07-28 08:00:00,18.135823297716204,0,1,180,209.33333333348855
2018-07-28 09:00:00,20.518425724723166,0,1,181,209.375
2018-07-28 10:00:00,21.673920826088544,0,1,182,209.41666666651145
2018-07-28 11:00:00,19.459236133361763,0,1,183,209.45833333348855
2018-07-28 12:00:00,22.420980857639194,0,1,184,209.5
2018-07-28 13:00:00,22.336085064609986,1,1,185,209.54166666651145
2018-07-28 14:00:00,25.535943083708343,1,1,186,209.58333333348855
2018-07-28 15:00:00,27.773747807289382,1,1,187,209.625
2018-07-28 16:00:00,28.180387474788848,1,1,188,209.66666666651145
2018-07-28 17:00:00,27.84978647634411,1,1,189,209.70833333348855
2018-07-28 18:00:00,30.42528875708482,1,1,190,209.75
2018-07-28 19:00:00,31.044980321126452,1,1,191,209.79166666651145
2018-07-28 20:00:00,24.583076047601857,1,1,192,209.83333333348855
2018-07-28 21:00:00,20.648947134177813,1,1,193,209.875
2018-07-28 22:00:00,18.591333105362494,1,1,194,209.91666666651145
2018-07-28 23:00:00,17.85957193008872,1,1,195,209.95833333348855
2018-07-29 00:00:00,14.809179725118339,1,1,196,210.0
2018-07-29 01:00:00,12.052867676881547,1,1,197,210.04166666651145
2018-07-29 02:00:00,11.274861841925478,1,1,198,210.08333333348855
2018-07-29 03:00:00,13.056555680193416,1,1,199,210.125
2018-07-29 04:00:00,12.591210501091425,1,1,200,210.16666666651145
2018-07-29 05:00:00,15.431815650321234,1,1,201,210.20833333348855
2018-07-29 06:00:00,15.254626675023086,1,1,202,210.25
2018-07-29 07:00:00,17.256058161153884,1,1,203,210.29166666651145
2018-07-29 08:00:00,13.236679233947878,1,1,204,210.33333333348855
2018-07-29 09:00:00,15.747519981165773,1,1,205,210.375
2018-07-29 10:00:00,13.922638624630967,0,1,206,210.41666666651145
2018-07-29 11:00:00,13.352456871724733,0,1,207,210.45833333348855
2018-07-29 12:00:00,16.870270897207433,1,1,208,210.5
2018-07-29 13:00:00,16.72247175223743,1,1,209,210.54166666651145
2018-07-29 14:00:00,16.69545476741137,1,1,210,210.58333333348855
2018-07-29 15:00:00,14.00905640636749,1,1,211,210.625
2018-07-29 16:00:00,11.982823412683064,1,1,212,210.66666666651145
2018-07-29 17:00:00,13.587707390499794,1,1,213,210.70833333348855
2018-07-29 18:00:00,15.887616840805732,1,1,214,210.75
2018-07-29 19:00:00,17.836356204293715,1,1,215,210.79166666651145
2018-07-29 20:00:00,18.62664666013587,1,1,216,210.83333333348855
2018-07-29 21:00:00,17.533154753169875,1,1,217,210.875
2018-07-29 22:00:00,17.101266859970654,1,1,218,210.91666666651145
2018-07-29 23:00:00,18.229190440475836,1,1,219,210.95833333348855
2018-07-30 00:00:00,17.595960594831716,1,1,220,211.0
2018-07-30 01:00:00,16.809601640711325,1,1,221,211.04166666651145
2018-07-30 02:00:00,15.186749094500495,1,1,222,211.08333333348855
2018-07-30 03:00:00,17.130793766590266,1,1,223,211.125
2018-07-30 04:00:00,15.420919325244999,1,1,224,211.16666666651145
2018-07-30 05:00:00,16.029969950707414,1,1,225,211.20833333348855
2018-07-30 06:00:00,15.526434219990453,1,1,226,211.25
2018-07-30 07:00:00,12.828244806734354,1,1,227,211.29166666651145
2018-07-30 08:00:00,14.269634796022132,1,1,228,211.33333333348855
2018-07-30 09:00:00,14.739088788190127,1,1,229,211.375
2018-07-30 10:00:00,16.025464454331914,0,1,230,211.41666666651145
2018-07-30 11:00:00,15.597577448079512,0,1,231,211.45833333348855
2018-07-30 12:00:00,18.745566097283586,1,1,232,211.5
2018-07-30 13:00:00,18.472929112065955,1,1,233,211.54166666651145
2018-07-30 14:00:00,16.738152414211108,1,1,234,211.58333333348855
2018-07-30 15:00:00,16.448153959663973,1,1,235,211.625
2018-07-30 16:00:00,17.450271992337314,1,1,236,211.66666666651145
2018-07-30 17:00:00,17.574550977261563,1,1,237,211.70833333348855
2018-07-30 18:00:00,15.936603036230672,1,1,238,211.75
2018-07-30 19:00:00,14.13084311945277,1,1,239,211.79166666651145
2018-07-30 20:00:00,10.999508467769369,1,1,240,211.83333333348855
2018-07-30 21:00:00,11.969754931438148,1,1,241,211.875
2018-07-30 22:00:00,12.34861565255063,1,1,242,211.91666666651145
2018-07-30 23:00:00,10.750209472347755,1,1,243,211.95833333348855
2018-07-31 00:00:00,9.387557565169876,1,1,244,212.0
2018-07-31 01:00:00,9.162356326779962,1,1,245,212.04166666651145
2018-07-31 02:00:00,10.091891762069018,1,1,246,212.08333333348855
2018-07-31 03:00:00,8.317190211466029,1,1,247,212.125
2018-07-31 04:00:00,8.655160959838192,1,1,248,212.16666666651145
2018-07-31 05:00:00,10.02109335235711,1,1,249,212.20833333348855
2018-07-31 06:00:00,10.460558550536877,1,1,250,212.25
2018-07-31 07:00:00,9.630431726238024,1,1,251,212.29166666651145
2018-07-31 08:00:00,11.276224797058585,1,1,252,212.33333333348855
2018-07-31 09:00:00,9.865810840574609,1,1,253,212.375
2018-07-31 10:00:00,9.412689724178838,0,1,254,212.41666666651145
2018-07-31 11:00:00,10.825077799685076,0,1,255,212.45833333348855
2018-07-31 12:00:00,9.688671399937897,1,1,256,212.5
2018-07-31 13:00:00,10.28350658847206,1,1,257,212.54166666651145
2018-07-31 14:00:00,11.012323065628753,1,1,258,212.58333333348855
2018-07-31 15:00:00,12.520197062817099,1,1,259,212.625
2018-07-31 16:00:00,11.709585672339093,1,1,260,212.66666666651145
2018-07-31 17:00:00,12.505504234583487,1,1,261,212.70833333348855
2018-07-31 18:00:00,15.250878284328579,1,1,262,212.75
2018-07-31 19:00:00,14.647724003556878,1,1,263,212.79166666651145
2018-07-31 20:00:00,9.459265220555938,1,1,264,212.83333333348855
2018-07-31 21:00:00,10.275271770396662,1,1,265,212.875
2018-07-31 22:00:00,10.444557148830476,1,1,266,212.91666666651145
2018-07-31 23:00:00,10.672185321406374,1,1,267,212.95833333348855
2018-08-01 00:00:00,10.434113082416365,1,1,268,213.0
2018-08-01 01:00:00,13.113132594441877,1,1,269,213.04166666651145
2018-08-01 02:00:00,15.076164189644048,1,1,270,213.08333333348855
2018-08-01 03:00:00,12.23074590606047,1,1,271,213.125
2018-08-01 04:00:00,13.890987157681835,1,1,272,213.16666666651145
2018-08-01 05:00:00,13.527972437605046,1,1,273,213.20833333348855
2018-08-01 06:00:00,14.744602018217863,1,1,274,213.25
2018-08-01 07:00:00,14.059383619020124,1,1,275,213.29166666651145
2018-08-01 08:00:00,9.790922229231066,1,1,276,213.33333333348855
2018-08-01 09:00:00,9.372558528037993,0,1,277,213.375
2018-08-01 10:00:00,12.497576087424319,0,1,278,213.41666666651145
2018-08-01 11:00:00,15.32172130045663,0,1,279,213.45833333348855
2018-08-01 12:00:00,19.672188814665027,0,1,280,213.5
2018-08-01 13:00:00,22.874847229420517,1,1,281,213.54166666651145
2018-08-01 14:00:00,19.92041458901296,1,1,282,213.58333333348855
2018-08-01 15:00:00,19.147556764428156,1,1,283,213.625
2018-08-01 16:00:00,17.74143327669592,1,1,284,213.66666666651145
2018-08-01 17:00:00,14.23705565318295,1,1,285,213.70833333348855
2018-08-01 18:00:00,16.023184232449466,1,1,286,213.75
2018-08-01 19:00:00,16.359136020478584,1,1,287,213.79166666651145
2018-08-01 20:00:00,19.57175970506193,1,1,288,213.83333333348855
2018-08-01 21:00:00,16.97487686041948,1,1,289,213.875
2018-08-01 22:00:00,17.86463612470892,1,1,290,213.91666666651145
2018-08-01 23:00:00,15.31737635438231,1,1,291,213.95833333348855
2018-08-02 00:00:00,13.130069000588897,1,1,292,214.0
2018-08-02 01:00:00,12.720943091595105,1,1,293,214.04166666651145
2018-08-02 02:00:00,14.811667397468955,1,1,294,214.08333333348855
2018-08-02 03:00:00,13.29091251528408,1,1,295,214.125
2018-08-02 04:00:00,14.090429024927667,1,1,296,214.16666666651145
2018-08-02 05:00:00,15.148270969811469,1,1,297,214.20833333348855
2018-08-02 06:00:00,16.157610587070817,1,1,298,214.25
2018-08-02 07:00:00,13.576154520611283,1,1,299,214.29166666651145
2018-08-02 08:00:00,13.79370114471468,1,1,300,214.33333333348855
2018-08-02 09:00:00,15.223985781139554,0,1,301,214.375
2018-08-02 10:00:00,16.54805889884968,0,1,302,214.41666666651145
2018-08-02 11:00:00,18.3552345257813,0,1,303,214.45833333348855
2018-08-02 12:00:00,16.707262445505485,0,1,304,214.5
2018-08-02 13:00:00,15.788574924424484,0,1,305,214.54166666651145
2018-08-02 14:00:00,15.762540985430837,0,1,306,214.58333333348855
2018-08-02 15:00:00,18.999330997690592,1,1,307,214.625
2018-08-02 16:00:00,19.47279628252556,1,1,308,214.66666666651145
2018-08-02 17:00:00,19.510921492051246,1,1,309,214.70833333348855
2018-08-02 18:00:00,18.221032864385187,1,1,310,214.75
2018-08-02 19:00:00,18.081020805354452,1,1,311,214.79166666651145
2018-08-02 20:00:00,21.37279092857542,1,1,312,214.83333333348855
2018-08-02 21:00:00,18.637672483777706,1,1,313,214.875
2018-08-02 22:00:00,13.879099410209603,1,1,314,214.91666666651145
2018-08-02 23:00:00,12.964927062823948,1,1,315,214.95833333348855
2018-08-03 00:00:00,14.494603925416637,1,1,316,215.0
2018-08-03 01:00:00,15.226283539051126,1,1,317,215.04166666651145
2018-08-03 02:00:00,15.10695495776079,1,1,318,215.08333333348855
2018-08-03 03:00:00,15.65996890871735,1,1,319,215.125
2018-08-03 04:00:00,17.178205107167287,1,1,320,215.16666666651145
2018-08-03 05:00:00,16.176531961935492,1,1,321,215.20833333348855
2018-08-03 06:00:00,18.84568870882791,1,1,322,215.25
2018-08-03 07:00:00,18.021380836532526,1,1,323,215.29166666651145
2018-08-03 08:00:00,16.012504732451685,1,1,324,215.33333333348855
2018-08-03 09:00:00,11.881513751545102,0,1,325,215.375
2018-08-03 10:00:00,12.442124214984142,0,1,326,215.41666666651145
2018-08-03 11:00:00,12.717530510325744,0,1,327,215.45833333348855
2018-08-03 12:00:00,10.167306761744342,1,1,328,215.5
2018-08-03 13:00:00,10.819439578126788,1,1,329,215.54166666651145
2018-08-03 14:00:00,9.70184692651404,1,1,330,215.58333333348855
2018-08-03 15:00:00,9.690884210952081,1,1,331,215.625
2018-08-03 16:00:00,10.756160122979393,1,1,332,215.66666666651145
2018-08-03 17:00:00,10.87278295930955,1,1,333,215.70833333348855
2018-08-03 18:00:00,11.322459485215239,1,1,334,215.75
2018-08-03 19:00:00,9.751039054644965,1,1,335,215.79166666651145
2018-08-03 20:00:00,10.790352657815932,1,1,336,215.83333333348855
2018-08-03 21:00:00,11.393264659435959,1,1,337,215.875
2018-08-03 22:00:00,11.098659311757762,1,1,338,215.91666666651145
2018-08-03 23:00:00,11.487465798867566,1,1,339,215.95833333348855
2018-07-23 20:00:00,19.19916582183,1,2,0,204.83333333348855
2018-07-23 21:00:00,15.282262322124447,1,2,1,204.875
2018-07-23 22:00:00,17.76543172734694,1,2,2,204.91666666651145
2018-07-23 23:00:00,19.03822170485039,1,2,3,204.95833333348855
2018-07-24 00:00:00,17.290437074093084,1,2,4,205.0
2018-07-24 01:00:00,17.43452390528687,1,2,5,205.04166666651145
2018-07-24 02:00:00,17.550577295792593,1,2,6,205.08333333348855
2018-07-24 03:00:00,16.699655692318785,1,2,7,205.125
2018-07-24 04:00:00,15.361839771541968,1,2,8,205.16666666651145
2018-07-24 05:00:00,14.195960270923216,1,2,9,205.20833333348855
2018-07-24 06:00:00,16.795961864798233,1,2,10,205.25
2018-07-24 07:00:00,13.252948758413373,1,2,11,205.29166666651145
2018-07-24 08:00:00,14.080202908506473,1,2,12,205.33333333348855
2018-07-24 09:00:00,10.699161083168036,1,2,13,205.375
2018-07-24 10:00:00,18.073492746467693,0,2,14,205.41666666651145
2018-07-24 11:00:00,25.75797789206188,0,2,15,205.45833333348855
2018-07-24 12:00:00,25.1096702359727,1,2,16,205.5
2018-07-24 13:00:00,22.483805797993348,1,2,17,205.54166666651145
2018-07-24 14:00:00,20.921657709000442,1,2,18,205.58333333348855
2018-07-24 15:00:00,14.473406977531283,1,2,19,205.625
2018-07-24 16:00:00,16.014150127021367,1,2,20,205.66666666651145
2018-07-24 17:00:00,17.365940762075994,1,2,21,205.70833333348855
2018-07-24 18:00:00,16.871476282529848,1,2,22,205.75
2018-07-24 19:00:00,18.029508392816844,1,2,23,205.79166666651145
2018-07-24 20:00:00,16.23328019492052,1,2,24,205.83333333348855
2018-07-24 21:00:00,14.157919711149665,1,2,25,205.875
2018-07-24 22:00:00,12.755037354711348,1,2,26,205.91666666651145
2018-07-24 23:00:00,14.641157786129328,1,2,27,205.95833333348855
2018-07-25 00:00:00,,0,2,28,206.0
2018-07-25 01:00:00,13.84527331482575,1,2,29,206.04166666651145
2018-07-25 02:00:00,13.663506821877634,1,2,30,206.08333333348855
2018-07-25 03:00:00,14.548274596842461,1,2,31,206.125
2018-07-25 04:00:00,12.403229846544738,1,2,32,206.16666666651145
2018-07-25 05:00:00,16.93706481023481,1,2,33,206.20833333348855
2018-07-25 06:00:00,16.575564261986496,1,2,34,206.25
2018-07-25 07:00:00,17.075432205215755,1,2,35,206.29166666651145
2018-07-25 08:00:00,12.976058253500218,1,2,36,206.33333333348855
2018-07-25 09:00:00,14.161487935968685,1,2,37,206.375
2018-07-25 10:00:00,14.67075456507942,0,2,38,206.41666666651145
2018-07-25 11:00:00,24.063346220317246,0,2,39,206.45833333348855
2018-07-25 12:00:00,22.945321762037203,1,2,40,206.5
2018-07-25 13:00:00,23.24564278016595,1,2,41,206.54166666651145
2018-07-25 14:00:00,14.70757262680228,1,2,42,206.58333333348855
2018-07-25 15:00:00,14.004462671994355,1,2,43,206.625
2018-07-25 16:00:00,13.613137297699355,1,2,44,206.66666666651145
2018-07-25 17:00:00,14.181414929616341,1,2,45,206.70833333348855
2018-07-25 18:00:00,13.291593166118226,1,2,46,206.75
2018-07-25 19:00:00,14.599416445687515,1,2,47,206.79166666651145
2018-07-25 20:00:00,12.64366132721013,1,2,48,206.83333333348855
2018-07-25 21:00:00,11.61713404945281,1,2,49,206.875
2018-07-25 22:00:00,10.222609143539025,1,2,50,206.91666666651145
2018-07-25 23:00:00,12.263773916191814,1,2,51,206.95833333348855
2018-07-26 00:00:00,13.45885279534485,1,2,52,207.0
2018-07-26 01:00:00,12.132753959652849,1,2,53,207.04166666651145
2018-07-26 02:00:00,12.136887477778616,1,2,54,207.08333333348855
2018-07-26 03:00:00,13.454655164006326,1,2,55,207.125
2018-07-26 04:00:00,13.749527988354192,1,2,56,207.16666666651145
2018-07-26 05:00:00,11.689757033515846,1,2,57,207.20833333348855
2018-07-26 06:00:00,13.60410587580977,1,2,58,207.25
2018-07-26 07:00:00,11.961333526737386,1,2,59,207.29166666651145
2018-07-26 08:00:00,9.192607924044124,1,2,60,207.33333333348855
2018-07-26 09:00:00,12.16664695874643,1,2,61,207.375
2018-07-26 10:00:00,15.79504965634957,0,2,62,207.41666666651145
2018-07-26 11:00:00,15.769730914421913,1,2,63,207.45833333348855
2018-07-26 12:00:00,12.472342985913683,1,2,64,207.5
2018-07-26 13:00:00,13.291070288709317,1,2,65,207.54166666651145
2018-07-26 14:00:00,12.017734315711706,1,2,66,207.58333333348855
2018-07-26 15:00:00,11.933693327394865,1,2,67,207.625
2018-07-26 16:00:00,12.811176630505056,1,2,68,207.66666666651145
2018-07-26 17:00:00,15.284358370037879,1,2,69,207.70833333348855
2018-07-26 18:00:00,15.071493754823184,1,2,70,207.75
2018-07-26 19:00:00,12.136522593861065,1,2,71,207.79166666651145
2018-07-26 20:00:00,11.703890238089087,1,2,72,207.83333333348855
2018-07-26 21:00:00,10.490841260369217,1,2,73,207.875
2018-07-26 22:00:00,18.554166288065545,1,2,74,207.91666666651145
2018-07-26 23:00:00,16.015974066040705,1,2,75,207.95833333348855
2018-07-27 00:00:00,16.723087054600494,1,2,76,208.0
2018-07-27 01:00:00,11.396814008373603,1,2,77,208.04166666651145
2018-07-27 02:00:00,13.399123371807178,1,2,78,208.08333333348855
2018-07-27 03:00:00,11.62536694211091,1,2,79,208.125
2018-07-27 04:00:00,17.14333625237182,1,2,80,208.16666666651145
2018-07-27 05:00:00,17.513783537338572,1,2,81,208.20833333348855
2018-07-27 06:00:00,15.649401420010491,1,2,82,208.25
2018-07-27 07:00:00,15.905922424941766,1,2,83,208.29166666651145
2018-07-27 08:00:00,14.442644434304594,0,2,84,208.33333333348855
2018-07-27 09:00:00,16.024818603616357,0,2,85,208.375
2018-07-27 10:00:00,17.918200303156944,0,2,86,208.41666666651145
2018-07-27 11:00:00,19.41993367579355,0,2,87,208.45833333348855
2018-07-27 12:00:00,17.672108512829627,0,2,88,208.5
2018-07-27 13:00:00,17.532571588019366,1,2,89,208.54166666651145
2018-07-27 14:00:00,16.283784539726785,1,2,90,208.58333333348855
2018-07-27 15:00:00,17.214773716234742,1,2,91,208.625
2018-07-27 16:00:00,16.696683054328226,1,2,92,208.66666666651145
2018-07-27 17:00:00,16.222353238348656,1,2,93,208.70833333348855
2018-07-27 18:00:00,17.927924242510805,1,2,94,208.75
2018-07-27 19:00:00,14.71989654590225,1,2,95,208.79166666651145
2018-07-27 20:00:00,14.520837802257333,1,2,96,208.83333333348855
2018-07-27 21:00:00,12.728556621069194,1,2,97,208.875
2018-07-27 22:00:00,13.321265515691502,1,2,98,208.91666666651145
2018-07-27 23:00:00,13.095693361922686,1,2,99,208.95833333348855
2018-07-28 00:00:00,13.809023508463095,1,2,100,209.0
2018-07-28 01:00:00,11.99855240287434,1,2,101,209.04166666651145
2018-07-28 02:00:00,14.90575362383114,1,2,102,209.08333333348855
2018-07-28 03:00:00,14.361599583391362,1,2,103,209.125
2018-07-28 04:00:00,12.96184985007635,1,2,104,209.16666666651145
2018-07-28 05:00:00,14.685588251397022,1,2,105,209.20833333348855
2018-07-28 06:00:00,19.767496141078794,1,2,106,209.25
2018-07-28 07:00:00,18.2203764001954,1,2,107,209.29166666651145
2018-07-28 08:00:00,16.017614137661305,0,2,108,209.33333333348855
2018-07-28 09:00:00,21.488248644798535,0,2,109,209.375
2018-07-28 10:00:00,17.95243958346809,0,2,110,209.41666666651145
2018-07-28 11:00:00,17.146818162780804,0,2,111,209.45833333348855
2018-07-28 12:00:00,16.483563964807086,0,2,112,209.5
2018-07-28 13:00:00,18.257542963900953,0,2,113,209.54166666651145
2018-07-28 14:00:00,20.59474147978818,1,2,114,209.58333333348855
2018-07-28 15:00:00,21.255669475289736,1,2,115,209.625
2018-07-28 16:00:00,19.65239609259223,1,2,116,209.66666666651145
2018-07-28 17:00:00,19.68548639822843,1,2,117,209.70833333348855
2018-07-28 18:00:00,21.710163767506597,1,2,118,209.75
2018-07-28 19:00:00,18.350763293966136,1,2,119,209.79166666651145
2018-07-28 20:00:00,18.583596692225015,1,2,120,209.83333333348855
2018-07-28 21:00:00,19.40748567739403,1,2,121,209.875
2018-07-28 22:00:00,18.923912848750575,1,2,122,209.91666666651145
2018-07-28 23:00:00,17.826023873798764,1,2,123,209.95833333348855
2018-07-29 00:00:00,16.24600616962557,1,2,124,210.0
2018-07-29 01:00:00,13.964500228119258,1,2,125,210.04166666651145
2018-07-29 02:00:00,15.942570075114618,1,2,126,210.08333333348855
2018-07-29 03:00:00,17.848320684179583,1,2,127,210.125
2018-07-29 04:00:00,17.550106618920367,1,2,128,210.16666666651145
2018-07-29 05:00:00,16.699699642358848,1,2,129,210.20833333348855
2018-07-29 06:00:00,17.495416938926173,1,2,130,210.25
2018-07-29 07:00:00,17.554117510613512,1,2,131,210.29166666651145
2018-07-29 08:00:00,22.09970276539423,1,2,132,210.33333333348855
2018-07-29 09:00:00,24.589308619942518,1,2,133,210.375
2018-07-29 10:00:00,22.006838064452836,0,2,134,210.41666666651145
2018-07-29 11:00:00,19.238714451167514,0,2,135,210.45833333348855
2018-07-29 12:00:00,22.086091447455246,1,2,136,210.5
2018-07-29 13:00:00,18.165356864844025,1,2,137,210.54166666651145
2018-07-29 14:00:00,15.590824400677162,1,2,138,210.58333333348855
2018-07-29 15:00:00,14.444264659387201,1,2,139,210.625
2018-07-29 16:00:00,20.627571357058482,1,2,140,210.66666666651145
2018-07-29 17:00:00,28.361148325723445,1,2,141,210.70833333348855
2018-07-29 18:00:00,31.809221746998176,1,2,142,210.75
2018-07-29 19:00:00,31.356336832288946,1,2,143,210.79166666651145
2018-07-29 20:00:00,29.662543182281098,1,2,144,210.83333333348855
2018-07-29 21:00:00,25.517949530740825,1,2,145,210.875
2018-07-29 22:00:00,22.478766547636138,1,2,146,210.91666666651145
2018-07-29 23:00:00,19.027068736982745,1,2,147,210.95833333348855
2018-07-30 00:00:00,15.985699029361705,1,2,148,211.0
2018-07-30 01:00:00,15.488571911623666,1,2,149,211.04166666651145
2018-07-30 02:00:00,15.45172891514152,1,2,150,211.08333333348855
2018-07-30 03:00:00,14.90994688947311,1,2,151,211.125
2018-07-30 04:00:00,14.024500353110966,1,2,152,211.16666666651145
2018-07-30 05:00:00,13.899500359203595,1,2,153,211.20833333348855
2018-07-30 06:00:00,15.212637496060843,1,2,154,211.25
2018-07-30 07:00:00,12.858619146452996,1,2,155,211.29166666651145
2018-07-30 08:00:00,10.893293335489414,1,2,156,211.33333333348855
2018-07-30 09:00:00,9.543598811743252,1,2,157,211.375
2018-07-30 10:00:00,9.996541073890466,0,2,158,211.41666666651145
2018-07-30 11:00:00,9.23132398787342,0,2,159,211.45833333348855
2018-07-30 12:00:00,10.317729204523374,1,2,160,211.5
2018-07-30 13:00:00,9.362975553080005,1,2,161,211.54166666651145
2018-07-30 14:00:00,9.53843687996845,1,2,162,211.58333333348855
2018-07-30 15:00:00,11.059372424669702,1,2,163,211.625
2018-07-30 16:00:00,11.38602506259755,1,2,164,211.66666666651145
2018-07-30 17:00:00,13.075495445196413,1,2,165,211.70833333348855
2018-07-30 18:00:00,12.085380037350715,1,2,166,211.75
2018-07-30 19:00:00,10.807237974604641,1,2,167,211.79166666651145
2018-07-30 20:00:00,13.44479947155336,1,2,168,211.83333333348855
2018-07-30 21:00:00,15.964458026385,1,2,169,211.875
2018-07-30 22:00:00,17.285014786112,1,2,170,211.91666666651145
2018-07-30 23:00:00,17.25561942830913,1,2,171,211.95833333348855
2018-07-31 00:00:00,18.23658746779421,1,2,172,212.0
2018-07-31 01:00:00,19.4079098369618,1,2,173,212.04166666651145
2018-07-31 02:00:00,18.46276403158159,1,2,174,212.08333333348855
2018-07-31 03:00:00,20.304466401356343,1,2,175,212.125
2018-07-31 04:00:00,20.528873466002125,1,2,176,212.16666666651145
2018-07-31 05:00:00,20.7001342008179,1,2,177,212.20833333348855
2018-07-31 06:00:00,23.063321875537273,1,2,178,212.25
2018-07-31 07:00:00,21.886029028574143,1,2,179,212.29166666651145
2018-07-31 08:00:00,21.424227255792193,1,2,180,212.33333333348855
2018-07-31 09:00:00,21.100971019601392,1,2,181,212.375
2018-07-31 10:00:00,19.62410683978383,0,2,182,212.41666666651145
2018-07-31 11:00:00,17.99233021442171,0,2,183,212.45833333348855
2018-07-31 12:00:00,22.070755239889554,1,2,184,212.5
2018-07-31 13:00:00,22.271731065243674,1,2,185,212.54166666651145
2018-07-31 14:00:00,22.82622330563792,1,2,186,212.58333333348855
2018-07-31 15:00:00,21.078207955827434,1,2,187,212.625
2018-07-31 16:00:00,20.670512103712582,1,2,188,212.66666666651145
2018-07-31 17:00:00,19.573028540398337,1,2,189,212.70833333348855
2018-07-31 18:00:00,21.884051504719732,1,2,190,212.75
2018-07-31 19:00:00,20.144718021801854,1,2,191,212.79166666651145
2018-07-31 20:00:00,21.277172150848912,1,2,192,212.83333333348855
2018-07-31 21:00:00,21.796653858125726,1,2,193,212.875
2018-07-31 22:00:00,20.887043226588872,1,2,194,212.91666666651145
2018-07-31 23:00:00,17.360286568877925,1,2,195,212.95833333348855
2018-08-01 00:00:00,15.371553300056389,1,2,196,213.0
2018-08-01 01:00:00,14.684751750918252,1,2,197,213.04166666651145
2018-08-01 02:00:00,13.118858556733153,1,2,198,213.08333333348855
2018-08-01 03:00:00,13.768850247732155,1,2,199,213.125
2018-08-01 04:00:00,13.595103678450137,1,2,200,213.16666666651145
2018-08-01 05:00:00,14.253596060328128,1,2,201,213.20833333348855
2018-08-01 06:00:00,14.629553717258798,1,2,202,213.25
2018-08-01 07:00:00,12.840400057979018,1,2,203,213.29166666651145
2018-08-01 08:00:00,12.94337313952169,1,2,204,213.33333333348855
2018-08-01 09:00:00,13.020686377220855,0,2,205,213.375
2018-08-01 10:00:00,15.27553662448004,0,2,206,213.41666666651145
2018-08-01 11:00:00,15.59870182677284,0,2,207,213.45833333348855
2018-08-01 12:00:00,13.92456573025917,0,2,208,213.5
2018-08-01 13:00:00,15.607088377679284,1,2,209,213.54166666651145
2018-08-01 14:00:00,14.953887732737655,1,2,210,213.58333333348855
2018-08-01 15:00:00,17.169543617799633,1,2,211,213.625
2018-08-01 16:00:00,18.041383588372,1,2,212,213.66666666651145
2018-08-01 17:00:00,22.540977050287317,1,2,213,213.70833333348855
2018-08-01 18:00:00,20.864665069583456,1,2,214,213.75
2018-08-01 19:00:00,21.49109740460574,1,2,215,213.79166666651145
2018-08-01 20:00:00,25.79968179766333,1,2,216,213.83333333348855
2018-08-01 21:00:00,25.729740047166523,1,2,217,213.875
2018-08-01 22:00:00,24.411397114329734,1,2,218,213.91666666651145
2018-08-01 23:00:00,24.29359430026328,1,2,219,213.95833333348855
2018-08-02 00:00:00,16.083090825999,1,2,220,214.0
2018-08-02 01:00:00,14.075021814927661,1,2,221,214.04166666651145
2018-08-02 02:00:00,14.544363596874684,1,2,222,214.08333333348855
2018-08-02 03:00:00,16.920507124913765,1,2,223,214.125
2018-08-02 04:00:00,16.33609925503185,1,2,224,214.16666666651145
2018-08-02 05:00:00,17.825320524008163,1,2,225,214.20833333348855
2018-08-02 06:00:00,19.77555731597174,1,2,226,214.25
2018-08-02 07:00:00,17.75765640329071,1,2,227,214.29166666651145
2018-08-02 08:00:00,18.19459098845816,1,2,228,214.33333333348855
2018-08-02 09:00:00,19.13665998850004,1,2,229,214.375
2018-08-02 10:00:00,22.772097964638686,0,2,230,214.41666666651145
2018-08-02 11:00:00,18.409225971783457,0,2,231,214.45833333348855
2018-08-02 12:00:00,18.968211194606475,0,2,232,214.5
2018-08-02 13:00:00,20.662713636877452,0,2,233,214.54166666651145
2018-08-02 14:00:00,19.70589553282083,0,2,234,214.58333333348855
2018-08-02 15:00:00,20.727042582428933,1,2,235,214.625
2018-08-02 16:00:00,19.499382169947033,1,2,236,214.66666666651145
2018-08-02 17:00:00,16.565599516293794,1,2,237,214.70833333348855
2018-08-02 18:00:00,16.272302396463306,1,2,238,214.75
2018-08-02 19:00:00,18.12681154968886,1,2,239,214.79166666651145
2018-08-02 20:00:00,19.243366498429285,1,2,240,214.83333333348855
2018-08-02 21:00:00,21.718607394960717,1,2,241,214.875
2018-08-02 22:00:00,21.132935316918875,1,2,242,214.91666666651145
2018-08-02 23:00:00,22.784395406483434,1,2,243,214.95833333348855
2018-08-03 00:00:00,24.80497402338373,1,2,244,215.0
2018-08-03 01:00:00,22.179929514317976,1,2,245,215.04166666651145
2018-08-03 02:00:00,18.782520863033263,1,2,246,215.08333333348855
2018-08-03 03:00:00,18.570515283890252,1,2,247,215.125
2018-08-03 04:00:00,20.898254833218495,1,2,248,215.16666666651145
2018-08-03 05:00:00,22.082637689780046,1,2,249,215.20833333348855
2018-08-03 06:00:00,20.732251721765593,1,2,250,215.25
2018-08-03 07:00:00,18.505102641347076,1,2,251,215.29166666651145
2018-08-03 08:00:00,20.95634375051402,1,2,252,215.33333333348855
2018-08-03 09:00:00,21.37718774354856,0,2,253,215.375
2018-08-03 10:00:00,21.760184100746873,0,2,254,215.41666666651145
2018-08-03 11:00:00,18.72163571313287,0,2,255,215.45833333348855
2018-08-03 12:00:00,19.3212532766841,0,2,256,215.5
2018-08-03 13:00:00,17.797361146663487,1,2,257,215.54166666651145
2018-08-03 14:00:00,21.1901020291039,1,2,258,215.58333333348855
2018-08-03 15:00:00,25.34537587545861,1,2,259,215.625
2018-08-03 16:00:00,29.987251601666166,1,2,260,215.66666666651145
2018-08-03 17:00:00,32.00261150809962,1,2,261,215.70833333348855
2018-08-03 18:00:00,31.213920114490048,1,2,262,215.75
2018-08-03 19:00:00,32.253364317862996,1,2,263,215.79166666651145
2018-08-03 20:00:00,32.44610144644577,1,2,264,215.83333333348855
2018-08-03 21:00:00,32.28892450808139,1,2,265,215.875
2018-08-03 22:00:00,34.29234941082486,1,2,266,215.91666666651145
2018-08-03 23:00:00,33.2602758564483,1,2,267,215.95833333348855
2018-08-04 00:00:00,30.26300882504884,1,2,268,216.0
2018-08-04 01:00:00,28.03494651966132,1,2,269,216.04166666651145
2018-08-04 02:00:00,24.323841009342004,1,2,270,216.08333333348855
2018-08-04 03:00:00,21.010291847019968,1,2,271,216.125
2018-08-04 04:00:00,20.267749428767903,1,2,272,216.16666666651145
2018-08-04 05:00:00,19.356082874141794,1,2,273,216.20833333348855
2018-08-04 06:00:00,21.66355883092999,1,2,274,216.25
2018-08-04 07:00:00,21.21292139220467,1,2,275,216.29166666651145
2018-08-04 08:00:00,21.191759489525616,1,2,276,216.33333333348855
2018-08-04 09:00:00,21.32668102794253,0,2,277,216.375
2018-08-04 10:00:00,19.905097831114155,0,2,278,216.41666666651145
2018-08-04 11:00:00,17.56041898926199,0,2,279,216.45833333348855
2018-08-04 12:00:00,20.06036328067683,0,2,280,216.5
2018-08-04 13:00:00,23.097112244923135,0,2,281,216.54166666651145
2018-08-04 14:00:00,23.402258118542424,1,2,282,216.58333333348855
2018-08-04 15:00:00,24.150178658056177,1,2,283,216.625
2018-08-04 16:00:00,23.52218419263902,1,2,284,216.66666666651145
2018-08-04 17:00:00,23.28145640197121,1,2,285,216.70833333348855
2018-08-04 18:00:00,25.93329882301339,1,2,286,216.75
2018-08-04 19:00:00,27.319405487197823,1,2,287,216.79166666651145
2018-08-04 20:00:00,26.85372421537589,1,2,288,216.83333333348855
2018-08-04 21:00:00,27.230069246833377,1,2,289,216.875
2018-08-04 22:00:00,27.671865479068728,1,2,290,216.91666666651145
2018-08-04 23:00:00,27.69688022678659,1,2,291,216.95833333348855
2018-08-05 00:00:00,26.560552383315724,1,2,292,217.0
2018-08-05 01:00:00,24.063854267151783,1,2,293,217.04166666651145
2018-08-05 02:00:00,23.167040762348822,1,2,294,217.08333333348855
2018-08-05 03:00:00,22.05954029459543,1,2,295,217.125
2018-08-05 04:00:00,21.53684119758329,1,2,296,217.16666666651145
2018-08-05 05:00:00,18.1199579346644,1,2,297,217.20833333348855
2018-08-05 06:00:00,19.816416542608376,1,2,298,217.25
2018-08-05 07:00:00,19.052097727720124,1,2,299,217.29166666651145
2018-08-05 08:00:00,17.692360136493637,1,2,300,217.33333333348855
2018-08-05 09:00:00,17.39079909445435,0,2,301,217.375
2018-08-05 10:00:00,18.11550936965693,0,2,302,217.41666666651145
2018-08-05 11:00:00,18.58734140877478,0,2,303,217.45833333348855
2018-08-05 12:00:00,16.91603583104049,0,2,304,217.5
2018-08-05 13:00:00,18.77014817091747,1,2,305,217.54166666651145
2018-08-05 14:00:00,19.42209425427172,1,2,306,217.58333333348855
2018-08-05 15:00:00,18.277803012302407,1,2,307,217.625
2018-08-05 16:00:00,18.85899987332388,1,2,308,217.66666666651145
2018-08-05 17:00:00,15.638811644409424,1,2,309,217.70833333348855
2018-08-05 18:00:00,13.7261529063222,1,2,310,217.75
2018-08-05 19:00:00,15.532750517031713,1,2,311,217.79166666651145
2018-08-05 20:00:00,17.00262742720611,1,2,312,217.83333333348855
2018-08-05 21:00:00,18.194991488624904,1,2,313,217.875
2018-08-05 22:00:00,17.894930805756967,1,2,314,217.91666666651145
2018-08-05 23:00:00,15.929554163804804,1,2,315,217.95833333348855
2018-08-06 00:00:00,17.534909106380894,1,2,316,218.0
2018-08-06 01:00:00,14.70981840501591,1,2,317,218.04166666651145
2018-08-06 02:00:00,12.418806137539153,1,2,318,218.08333333348855
2018-08-06 03:00:00,12.278103414246294,1,2,319,218.125
2018-08-06 04:00:00,9.170654206945716,1,2,320,218.16666666651145
2018-08-06 05:00:00,9.23246303520329,1,2,321,218.20833333348855
2018-08-06 06:00:00,9.945801670593333,1,2,322,218.25
2018-08-06 07:00:00,9.955793210193653,1,2,323,218.29166666651145
2018-08-06 08:00:00,10.095429033902763,0,2,324,218.33333333348855
2018-08-06 09:00:00,9.60717779332558,0,2,325,218.375
2018-08-06 10:00:00,11.051264005882988,0,2,326,218.41666666651145
2018-08-06 11:00:00,11.674382385743398,0,2,327,218.45833333348855
2018-08-06 12:00:00,11.227710754899887,0,2,328,218.5
2018-08-06 13:00:00,10.629198038950525,0,2,329,218.54166666651145
2018-08-06 14:00:00,11.03180551111232,1,2,330,218.58333333348855
2018-08-06 15:00:00,11.79108281369441,1,2,331,218.625
2018-08-06 16:00:00,10.207258226471549,1,2,332,218.66666666651145
2018-08-06 17:00:00,,0,2,333,218.70833333348855
2018-08-06 18:00:00,9.8966993300126,1,2,334,218.75
2018-08-06 19:00:00,11.235875284711664,1,2,335,218.79166666651145
2018-08-06 20:00:00,9.348802555564687,1,2,336,218.83333333348855
2018-08-06 21:00:00,9.6370481267752,1,2,337,218.875
2018-08-06 22:00:00,10.110056709846457,1,2,338,218.91666666651145
2018-08-06 23:00:00,9.250963764723853,1,2,339,218.95833333348855
2018-08-07 00:00:00,8.63577000725099,1,2,340,219.0
2018-08-07 01:00:00,9.82612482154407,1,2,341,219.04166666651145
2018-08-07 02:00:00,9.18785201917337,1,2,342,219.08333333348855
2018-08-07 03:00:00,9.575336865517823,1,2,343,219.125
2018-08-07 04:00:00,9.0847890142949,1,2,344,219.16666666651145
2018-08-07 05:00:00,9.145567963277296,1,2,345,219.20833333348855
2018-08-07 06:00:00,9.345905834631777,1,2,346,219.25
2018-08-07 07:00:00,10.55961777829151,0,2,347,219.29166666651145
2018-08-07 08:00:00,10.993491651650263,0,2,348,219.33333333348855
2018-08-07 09:00:00,9.783992012960416,0,2,349,219.375
2018-08-07 10:00:00,9.970026668888135,0,2,350,219.41666666651145
2018-08-07 11:00:00,10.893142168872155,0,2,351,219.45833333348855
2018-08-07 12:00:00,12.850529592292158,0,2,352,219.5
2018-08-07 13:00:00,14.391758965802431,0,2,353,219.54166666651145
2018-08-07 14:00:00,17.090629568376585,1,2,354,219.58333333348855
2018-08-07 15:00:00,16.9011548975298,1,2,355,219.625
2018-08-07 16:00:00,17.554885622029058,1,2,356,219.66666666651145
2018-08-07 17:00:00,20.336274320461943,1,2,357,219.70833333348855
2018-08-07 18:00:00,21.80854292553508,1,2,358,219.75
2018-08-07 19:00:00,21.211751192148885,1,2,359,219.79166666651145
2018-08-07 20:00:00,22.034370876219242,1,2,360,219.83333333348855
2018-08-07 21:00:00,23.578353205661887,1,2,361,219.875
2018-08-07 22:00:00,25.99244839412297,1,2,362,219.91666666651145
2018-08-07 23:00:00,26.741118479635446,1,2,363,219.95833333348855
2018-08-08 00:00:00,23.798740799459974,1,2,364,220.0
2018-08-08 01:00:00,24.49501749719541,1,2,365,220.04166666651145
2018-08-08 02:00:00,24.2835559395077,1,2,366,220.08333333348855
2018-08-08 03:00:00,24.903149647301127,1,2,367,220.125
2018-08-08 04:00:00,24.203948535190083,1,2,368,220.16666666651145
2018-08-08 05:00:00,21.620832887816917,1,2,369,220.20833333348855
2018-08-08 06:00:00,23.77651875955651,1,2,370,220.25
2018-08-08 07:00:00,22.399277631400693,1,2,371,220.29166666651145
2018-08-08 08:00:00,26.755173205119462,0,2,372,220.33333333348855
2018-08-08 09:00:00,25.963241702977434,0,2,373,220.375
2018-08-08 10:00:00,20.76808054057452,0,2,374,220.41666666651145
2018-08-08 11:00:00,21.40837799398671,0,2,375,220.45833333348855
2018-08-08 12:00:00,22.43343254059472,0,2,376,220.5
2018-08-08 13:00:00,21.208945008219615,0,2,377,220.54166666651145
2018-08-08 14:00:00,20.64851264482386,1,2,378,220.58333333348855
2018-08-08 15:00:00,27.073043683959103,1,2,379,220.625
2018-08-08 16:00:00,31.947516712407246,1,2,380,220.66666666651145
2018-08-08 17:00:00,27.344067664035368,1,2,381,220.70833333348855
2018-08-08 18:00:00,31.208561589672637,1,2,382,220.75
2018-08-08 19:00:00,32.102647632609695,1,2,383,220.79166666651145
2018-08-08 20:00:00,28.15235464631651,1,2,384,220.83333333348855
2018-08-08 21:00:00,29.297140801849366,1,2,385,220.875
2018-08-08 22:00:00,30.889215432151424,1,2,386,220.91666666651145
2018-08-08 23:00:00,31.792559396744906,1,2,387,220.95833333348855
2018-08-09 00:00:00,30.89939321404535,1,2,388,221.0
2018-08-09 01:00:00,32.63300359886801,1,2,389,221.04166666651145
2018-08-09 02:00:00,30.327305707149506,1,2,390,221.08333333348855
2018-08-09 03:00:00,30.195572004425326,1,2,391,221.125
2018-08-09 04:00:00,29.278000416936397,1,2,392,221.16666666651145
2018-08-09 05:00:00,27.576903250882452,1,2,393,221.20833333348855
2018-08-09 06:00:00,29.194470036443764,1,2,394,221.25
2018-08-09 07:00:00,22.313172481368444,1,2,395,221.29166666651145
2018-08-09 08:00:00,20.680417079881014,1,2,396,221.33333333348855
2018-08-09 09:00:00,18.309427945701366,0,2,397,221.375
2018-08-09 10:00:00,16.65080237946263,0,2,398,221.41666666651145
2018-08-09 11:00:00,16.831677763194048,0,2,399,221.45833333348855
2018-08-09 12:00:00,16.848867255063197,0,2,400,221.5
2018-08-09 13:00:00,18.245705986525568,0,2,401,221.54166666651145
2018-08-09 14:00:00,20.715177678923116,1,2,402,221.58333333348855
2018-08-09 15:00:00,20.46634420131668,1,2,403,221.625
2018-08-09 16:00:00,23.26193471547406,1,2,404,221.66666666651145
2018-08-09 17:00:00,19.654122191678738,1,2,405,221.70833333348855
2018-08-09 18:00:00,19.288087238127254,1,2,406,221.75
2018-08-09 19:00:00,21.486400671550157,1,2,407,221.79166666651145
2018-08-09 20:00:00,21.08344023914639,1,2,408,221.83333333348855
2018-08-09 21:00:00,23.529864557209034,1,2,409,221.875
2018-08-09 22:00:00,25.658490979643975,1,2,410,221.91666666651145
2018-08-09 23:00:00,29.59785386305083,1,2,411,221.95833333348855
2018-08-10 00:00:00,24.162496629490832,1,2,412,222.0
2018-08-10 01:00:00,21.208771905644735,1,2,413,222.04166666651145
2018-08-10 02:00:00,21.504065052133658,1,2,414,222.08333333348855
2018-08-10 03:00:00,23.992367313733443,1,2,415,222.125
2018-08-10 04:00:00,22.330425084366247,1,2,416,222.16666666651145
2018-08-10 05:00:00,23.94368596965205,1,2,417,222.20833333348855
2018-08-10 06:00:00,19.9582795513513,1,2,418,222.25
2018-08-10 07:00:00,22.0832150643219,1,2,419,222.29166666651145
2018-08-10 08:00:00,22.998074561025,0,2,420,222.33333333348855
2018-08-10 09:00:00,23.13267154866293,0,2,421,222.375
2018-08-10 10:00:00,21.720509948936,0,2,422,222.41666666651145
2018-08-10 11:00:00,21.8884201993671,0,2,423,222.45833333348855
2018-08-10 12:00:00,24.723154670383014,0,2,424,222.5
2018-08-10 13:00:00,27.482139337439758,0,2,425,222.54166666651145
2018-08-10 14:00:00,29.152294370256534,0,2,426,222.58333333348855
2018-08-10 15:00:00,28.67408294876669,1,2,427,222.625
2018-08-10 16:00:00,26.087430073206008,1,2,428,222.66666666651145
2018-08-10 17:00:00,25.257760945776628,1,2,429,222.70833333348855
2018-08-10 18:00:00,26.4948893292726,1,2,430,222.75
2018-08-10 19:00:00,27.603330528216834,1,2,431,222.79166666651145
2018-08-10 20:00:00,28.879347012169372,1,2,432,222.83333333348855
2018-08-10 21:00:00,27.5996534819015,1,2,433,222.875
2018-08-10 22:00:00,25.687211646609228,1,2,434,222.91666666651145
2018-08-10 23:00:00,23.988683227655045,1,2,435,222.95833333348855
2018-08-11 00:00:00,25.024057086775052,1,2,436,223.0
2018-08-11 01:00:00,23.9191164004563,1,2,437,223.04166666651145
2018-08-11 02:00:00,24.279385847169753,1,2,438,223.08333333348855
2018-08-11 03:00:00,21.657563075212515,1,2,439,223.125
2018-08-11 04:00:00,22.477873738411912,1,2,440,223.16666666651145
2018-08-11 05:00:00,20.245148710248056,1,2,441,223.20833333348855
2018-08-11 06:00:00,22.09841659312596,1,2,442,223.25
2018-08-11 07:00:00,20.345144018110254,1,2,443,223.29166666651145
2018-08-11 08:00:00,21.570324198590356,1,2,444,223.33333333348855
2018-08-11 09:00:00,20.972058471634274,0,2,445,223.375
2018-08-11 10:00:00,16.903520377869228,0,2,446,223.41666666651145
2018-08-11 11:00:00,13.968301168370648,0,2,447,223.45833333348855
2018-08-11 12:00:00,15.823527799898763,0,2,448,223.5
2018-08-11 13:00:00,23.596115709106677,0,2,449,223.54166666651145
2018-08-11 14:00:00,24.53643900646967,1,2,450,223.58333333348855
2018-08-11 15:00:00,28.555163369062733,1,2,451,223.625
2018-08-11 16:00:00,30.72450201409468,1,2,452,223.66666666651145
2018-08-11 17:00:00,32.14852226274802,1,2,453,223.70833333348855
2018-08-11 18:00:00,35.737194268887144,1,2,454,223.75
2018-08-11 19:00:00,39.06827859267389,1,2,455,223.79166666651145
2018-08-11 20:00:00,38.00235416266466,1,2,456,223.83333333348855
2018-08-11 21:00:00,32.13305155310959,1,2,457,223.875
2018-08-11 22:00:00,33.2253591460829,1,2,458,223.91666666651145
2018-08-11 23:00:00,28.57205874095049,1,2,459,223.95833333348855
2018-08-12 00:00:00,21.426094916101388,1,2,460,224.0
2018-08-12 01:00:00,19.440444346519307,1,2,461,224.04166666651145
2018-08-12 02:00:00,19.139169289389486,1,2,462,224.08333333348855
2018-08-12 03:00:00,19.761178180585766,1,2,463,224.125
2018-08-12 04:00:00,21.678592750077776,1,2,464,224.16666666651145
2018-08-12 05:00:00,19.811215808682732,1,2,465,224.20833333348855
2018-08-12 06:00:00,22.763159819819585,1,2,466,224.25
2018-08-12 07:00:00,19.900191635106957,1,2,467,224.29166666651145
2018-08-12 08:00:00,18.528705341019855,0,2,468,224.33333333348855
2018-08-12 09:00:00,16.209682876016714,0,2,469,224.375
2018-08-12 10:00:00,16.34802823599138,0,2,470,224.41666666651145
2018-08-12 11:00:00,19.214972673608543,0,2,471,224.45833333348855
2018-08-12 12:00:00,19.099306820274553,0,2,472,224.5
2018-08-12 13:00:00,22.43647727164084,0,2,473,224.54166666651145
2018-08-12 14:00:00,22.030155606165962,1,2,474,224.58333333348855
2018-08-12 15:00:00,21.227250694347784,1,2,475,224.625
2018-08-12 16:00:00,21.89763527435431,1,2,476,224.66666666651145
2018-08-12 17:00:00,25.203382274651823,1,2,477,224.70833333348855
2018-08-12 18:00:00,24.69135003017517,1,2,478,224.75
2018-08-12 19:00:00,22.803651374908867,1,2,479,224.79166666651145
2018-08-12 20:00:00,22.257156223729933,1,2,480,224.83333333348855
2018-08-13 15:00:00,17.2114195318312,1,3,0,225.625
2018-08-13 16:00:00,18.51268331659302,1,3,1,225.66666666651145
2018-08-13 17:00:00,18.89302117767083,1,3,2,225.70833333348855
2018-08-13 18:00:00,21.559020704101705,1,3,3,225.75
2018-08-13 19:00:00,24.721375169110704,1,3,4,225.79166666651145
2018-08-13 20:00:00,23.91515435862305,1,3,5,225.83333333348855
2018-08-13 21:00:00,20.93248006650969,1,3,6,225.875
2018-08-13 22:00:00,24.229958681752453,1,3,7,225.91666666651145
2018-08-13 23:00:00,24.4084046152139,1,3,8,225.95833333348855
2018-08-14 00:00:00,24.084605766692796,1,3,9,226.0
2018-08-14 01:00:00,24.15203406139115,1,3,10,226.04166666651145
2018-08-14 02:00:00,20.024298622756685,1,3,11,226.08333333348855
2018-08-14 03:00:00,20.307431985754544,1,3,12,226.125
2018-08-14 04:00:00,22.57935239610164,1,3,13,226.16666666651145
2018-08-14 05:00:00,24.120212147182958,1,3,14,226.20833333348855
2018-08-14 06:00:00,23.968628120000975,1,3,15,226.25
2018-08-14 07:00:00,24.15346028746779,1,3,16,226.29166666651145
2018-08-14 08:00:00,21.364131050020188,0,3,17,226.33333333348855
2018-08-14 09:00:00,17.98838157519138,0,3,18,226.375
2018-08-14 10:00:00,16.598616528153595,0,3,19,226.41666666651145
2018-08-14 11:00:00,13.641692226078115,0,3,20,226.45833333348855
2018-08-14 12:00:00,14.119082805376031,0,3,21,226.5
2018-08-14 13:00:00,14.59374183916516,0,3,22,226.54166666651145
2018-08-14 14:00:00,17.79865393493313,1,3,23,226.58333333348855
2018-08-14 15:00:00,17.710911759244066,1,3,24,226.625
2018-08-14 16:00:00,17.62132982647469,1,3,25,226.66666666651145
2018-08-14 17:00:00,17.042994730710593,1,3,26,226.70833333348855
2018-08-14 18:00:00,17.185390765052148,1,3,27,226.75
2018-08-14 19:00:00,16.732177258372086,1,3,28,226.79166666651145
2018-08-14 20:00:00,18.871950824787856,1,3,29,226.83333333348855
2018-08-14 21:00:00,19.779947373638755,1,3,30,226.875
2018-08-14 22:00:00,20.221576440953406,1,3,31,226.91666666651145
2018-08-14 23:00:00,18.848880441889253,1,3,32,226.95833333348855
2018-08-15 00:00:00,18.84273646908342,1,3,33,227.0
2018-08-15 01:00:00,17.541255958456254,1,3,34,227.04166666651145
2018-08-15 02:00:00,17.33313388537607,1,3,35,227.08333333348855
2018-08-15 03:00:00,15.852558326248088,1,3,36,227.125
2018-08-15 04:00:00,17.174036415841833,1,3,37,227.16666666651145
2018-08-15 05:00:00,17.062611921728973,1,3,38,227.20833333348855
2018-08-15 06:00:00,16.62272814005786,1,3,39,227.25
2018-08-15 07:00:00,15.493997969604088,1,3,40,227.29166666651145
2018-08-15 08:00:00,12.274395230703359,0,3,41,227.33333333348855
2018-08-15 09:00:00,12.638300737619605,0,3,42,227.375
2018-08-15 10:00:00,13.008158079280447,0,3,43,227.41666666651145
2018-08-15 11:00:00,14.534956864724444,0,3,44,227.45833333348855
2018-08-15 12:00:00,14.6633016803189,0,3,45,227.5
2018-08-15 13:00:00,16.530508045931708,0,3,46,227.54166666651145
2018-08-15 14:00:00,17.212042844252252,0,3,47,227.58333333348855
2018-08-15 15:00:00,16.729197787451454,1,3,48,227.625
2018-08-15 16:00:00,17.27557242509106,1,3,49,227.66666666651145
2018-08-15 17:00:00,16.5668862776945,1,3,50,227.70833333348855
2018-08-15 18:00:00,14.630225987229034,1,3,51,227.75
2018-08-15 19:00:00,13.900621493641298,1,3,52,227.79166666651145
2018-08-15 20:00:00,15.202235859134952,1,3,53,227.83333333348855
2018-08-15 21:00:00,18.361377761672404,1,3,54,227.875
2018-08-15 22:00:00,20.005886828776205,1,3,55,227.91666666651145
2018-08-15 23:00:00,22.43345518324454,1,3,56,227.95833333348855
2018-08-16 00:00:00,24.897923243635802,1,3,57,228.0
2018-08-16 01:00:00,22.7762731689687,1,3,58,228.04166666651145
2018-08-16 02:00:00,19.40926768357042,1,3,59,228.08333333348855
2018-08-16 03:00:00,18.176448201596852,1,3,60,228.125
2018-08-16 04:00:00,21.119026963790724,1,3,61,228.16666666651145
2018-08-16 05:00:00,22.82829673070102,1,3,62,228.20833333348855
2018-08-16 06:00:00,25.163643256307807,1,3,63,228.25
2018-08-16 07:00:00,23.57092398557748,1,3,64,228.29166666651145
2018-08-16 08:00:00,25.735888258377734,0,3,65,228.33333333348855
2018-08-16 09:00:00,22.285072477120583,0,3,66,228.375
2018-08-16 10:00:00,21.322056278604926,0,3,67,228.41666666651145
2018-08-16 11:00:00,20.71622423596832,0,3,68,228.45833333348855
2018-08-16 12:00:00,21.889144867106612,0,3,69,228.5
2018-08-16 13:00:00,21.83990382352784,0,3,70,228.54166666651145
2018-08-16 14:00:00,22.287574477711697,0,3,71,228.58333333348855
2018-08-16 15:00:00,22.824759085732964,1,3,72,228.625
2018-08-16 16:00:00,22.517903396652418,1,3,73,228.66666666651145
2018-08-16 17:00:00,19.60425006064248,1,3,74,228.70833333348855
2018-08-16 18:00:00,19.833770641367845,1,3,75,228.75
2018-08-16 19:00:00,25.745710358675108,1,3,76,228.79166666651145
2018-08-16 20:00:00,,0,3,77,228.83333333348855
2018-08-16 21:00:00,,0,3,78,228.875
2018-08-16 22:00:00,,0,3,79,228.91666666651145
2018-08-16 23:00:00,,0,3,80,228.95833333348855
2018-08-17 00:00:00,,0,3,81,229.0
2018-08-17 01:00:00,,0,3,82,229.04166666651145
2018-08-17 02:00:00,,0,3,83,229.08333333348855
2018-08-17 03:00:00,,0,3,84,229.125
2018-08-17 04:00:00,,0,3,85,229.16666666651145
2018-08-17 05:00:00,,0,3,86,229.20833333348855
2018-08-17 06:00:00,,0,3,87,229.25
2018-08-17 07:00:00,,0,3,88,229.29166666651145
2018-08-17 08:00:00,,0,3,89,229.33333333348855
2018-08-17 09:00:00,,0,3,90,229.375
2018-08-17 10:00:00,,0,3,91,229.41666666651145
2018-08-17 11:00:00,,0,3,92,229.45833333348855
2018-08-17 12:00:00,,0,3,93,229.5
2018-08-17 13:00:00,,0,3,94,229.54166666651145
2018-08-17 14:00:00,,0,3,95,229.58333333348855
2018-08-17 15:00:00,,0,3,96,229.625
2018-08-17 16:00:00,,0,3,97,229.66666666651145
2018-08-17 17:00:00,,0,3,98,229.70833333348855
2018-08-17 18:00:00,,0,3,99,229.75
2018-08-17 19:00:00,,0,3,100,229.79166666651145
2018-08-17 20:00:00,,0,3,101,229.83333333348855
2018-08-17 21:00:00,,0,3,102,229.875
2018-08-17 22:00:00,,0,3,103,229.91666666651145
2018-08-17 23:00:00,,0,3,104,229.95833333348855
2018-08-18 00:00:00,,0,3,105,230.0
2018-08-18 01:00:00,,0,3,106,230.04166666651145
2018-08-18 02:00:00,,0,3,107,230.08333333348855
2018-08-18 03:00:00,,0,3,108,230.125
2018-08-18 04:00:00,,0,3,109,230.16666666651145
2018-08-18 05:00:00,,0,3,110,230.20833333348855
2018-08-18 06:00:00,,0,3,111,230.25
2018-08-18 07:00:00,,0,3,112,230.29166666651145
2018-08-18 08:00:00,,0,3,113,230.33333333348855
2018-08-18 09:00:00,,0,3,114,230.375
2018-08-18 10:00:00,,0,3,115,230.41666666651145
2018-08-18 11:00:00,,0,3,116,230.45833333348855
2018-08-18 12:00:00,,0,3,117,230.5
2018-08-18 13:00:00,,0,3,118,230.54166666651145
2018-08-18 14:00:00,,0,3,119,230.58333333348855
2018-08-18 15:00:00,,0,3,120,230.625
2018-08-18 16:00:00,,0,3,121,230.66666666651145
2018-08-18 17:00:00,,0,3,122,230.70833333348855
2018-08-18 18:00:00,,0,3,123,230.75
2018-08-18 19:00:00,,0,3,124,230.79166666651145
2018-08-18 20:00:00,,0,3,125,230.83333333348855
2018-08-18 21:00:00,,0,3,126,230.875
2018-08-18 22:00:00,,0,3,127,230.91666666651145
2018-08-18 23:00:00,,0,3,128,230.95833333348855
2018-08-19 00:00:00,,0,3,129,231.0
2018-08-19 01:00:00,,0,3,130,231.04166666651145
2018-08-19 02:00:00,,0,3,131,231.08333333348855
2018-08-19 03:00:00,,0,3,132,231.125
2018-08-19 04:00:00,,0,3,133,231.16666666651145
2018-08-19 05:00:00,,0,3,134,231.20833333348855
2018-08-19 06:00:00,,0,3,135,231.25
2018-08-19 07:00:00,,0,3,136,231.29166666651145
2018-08-19 08:00:00,,0,3,137,231.33333333348855
2018-08-19 09:00:00,,0,3,138,231.375
2018-08-19 10:00:00,,0,3,139,231.41666666651145
2018-08-19 11:00:00,,0,3,140,231.45833333348855
2018-08-19 12:00:00,,0,3,141,231.5
2018-08-19 13:00:00,,0,3,142,231.54166666651145
2018-08-19 14:00:00,,0,3,143,231.58333333348855
2018-08-19 15:00:00,,0,3,144,231.625
2018-08-19 16:00:00,,0,3,145,231.66666666651145
2018-08-19 17:00:00,,0,3,146,231.70833333348855
2018-08-19 18:00:00,,0,3,147,231.75
2018-08-19 19:00:00,,0,3,148,231.79166666651145
2018-08-19 20:00:00,,0,3,149,231.83333333348855
2018-08-19 21:00:00,,0,3,150,231.875
2018-08-19 22:00:00,,0,3,151,231.91666666651145
2018-08-19 23:00:00,,0,3,152,231.95833333348855
2018-08-20 00:00:00,,0,3,153,232.0
2018-08-20 01:00:00,,0,3,154,232.04166666651145
2018-08-20 02:00:00,,0,3,155,232.08333333348855
2018-08-20 03:00:00,,0,3,156,232.125
2018-08-20 04:00:00,,0,3,157,232.16666666651145
2018-08-20 05:00:00,,0,3,158,232.20833333348855
2018-08-20 06:00:00,,0,3,159,232.25
2018-08-20 07:00:00,,0,3,160,232.29166666651145
2018-08-20 08:00:00,,0,3,161,232.33333333348855
2018-08-20 09:00:00,,0,3,162,232.375
2018-08-20 10:00:00,,0,3,163,232.41666666651145
2018-08-20 11:00:00,,0,3,164,232.45833333348855
2018-08-20 12:00:00,,0,3,165,232.5
2018-08-20 13:00:00,,0,3,166,232.54166666651145
2018-08-20 14:00:00,,0,3,167,232.58333333348855
2018-08-20 15:00:00,,0,3,168,232.625
2018-08-20 16:00:00,,0,3,169,232.66666666651145
2018-08-20 17:00:00,,0,3,170,232.70833333348855
2018-08-20 18:00:00,,0,3,171,232.75
2018-08-20 19:00:00,,0,3,172,232.79166666651145
2018-08-20 20:00:00,,0,3,173,232.83333333348855
2018-08-20 21:00:00,,0,3,174,232.875
2018-08-20 22:00:00,,0,3,175,232.91666666651145
2018-08-20 23:00:00,,0,3,176,232.95833333348855
2018-08-21 00:00:00,,0,3,177,233.0
2018-08-21 01:00:00,,0,3,178,233.04166666651145
2018-08-21 02:00:00,,0,3,179,233.08333333348855
2018-08-21 03:00:00,,0,3,180,233.125
2018-08-21 04:00:00,,0,3,181,233.16666666651145
2018-08-21 05:00:00,,0,3,182,233.20833333348855
2018-08-21 06:00:00,,0,3,183,233.25
2018-08-21 07:00:00,,0,3,184,233.29166666651145
2018-08-21 08:00:00,,0,3,185,233.33333333348855
2018-08-21 09:00:00,,0,3,186,233.375
2018-08-21 10:00:00,,0,3,187,233.41666666651145
2018-08-21 11:00:00,,0,3,188,233.45833333348855
2018-08-21 12:00:00,,0,3,189,233.5
2018-08-21 13:00:00,,0,3,190,233.54166666651145
2018-08-21 14:00:00,,0,3,191,233.58333333348855
2018-08-21 15:00:00,,0,3,192,233.625
2018-08-21 16:00:00,,0,3,193,233.66666666651145
2018-08-21 17:00:00,,0,3,194,233.70833333348855
2018-08-21 18:00:00,,0,3,195,233.75
2018-08-21 19:00:00,,0,3,196,233.79166666651145
2018-08-21 20:00:00,,0,3,197,233.83333333348855
2018-08-21 21:00:00,,0,3,198,233.875
2018-08-21 22:00:00,,0,3,199,233.91666666651145
2018-08-21 23:00:00,,0,3,200,233.95833333348855
2018-08-22 00:00:00,,0,3,201,234.0
2018-08-22 01:00:00,,0,3,202,234.04166666651145
2018-08-22 02:00:00,,0,3,203,234.08333333348855
2018-08-22 03:00:00,,0,3,204,234.125
2018-08-22 04:00:00,,0,3,205,234.16666666651145
2018-08-22 05:00:00,,0,3,206,234.20833333348855
2018-08-22 06:00:00,,0,3,207,234.25
2018-08-22 07:00:00,,0,3,208,234.29166666651145
2018-08-22 08:00:00,,0,3,209,234.33333333348855
2018-08-22 09:00:00,,0,3,210,234.375
2018-08-22 10:00:00,,0,3,211,234.41666666651145
2018-08-22 11:00:00,,0,3,212,234.45833333348855
2018-08-22 12:00:00,,0,3,213,234.5
2018-08-22 13:00:00,,0,3,214,234.54166666651145
2018-08-22 14:00:00,,0,3,215,234.58333333348855
2018-08-22 15:00:00,31.784963235579315,1,3,216,234.625
2018-08-22 16:00:00,31.671797880725634,1,3,217,234.66666666651145
2018-08-22 17:00:00,29.588375845968223,1,3,218,234.70833333348855
2018-08-22 18:00:00,24.024024500216957,1,3,219,234.75
2018-08-22 19:00:00,27.903134639302394,1,3,220,234.79166666651145
2018-08-22 20:00:00,30.352914144033303,1,3,221,234.83333333348855
2018-08-22 21:00:00,28.909170373415165,1,3,222,234.875
2018-08-22 22:00:00,27.703007747854066,1,3,223,234.91666666651145
2018-08-22 23:00:00,30.606326028050724,1,3,224,234.95833333348855
2018-08-23 00:00:00,31.561837003693405,1,3,225,235.0
2018-08-23 01:00:00,31.38514264670517,1,3,226,235.04166666651145
2018-08-23 02:00:00,29.279095080994047,1,3,227,235.08333333348855
2018-08-23 03:00:00,29.8945321787058,1,3,228,235.125
2018-08-23 04:00:00,24.27228640241171,1,3,229,235.16666666651145
2018-08-23 05:00:00,26.592960394696807,1,3,230,235.20833333348855
2018-08-23 06:00:00,26.274805303184298,1,3,231,235.25
2018-08-23 07:00:00,24.61150659730651,0,3,232,235.29166666651145
2018-08-23 08:00:00,24.10269905830338,0,3,233,235.33333333348855
2018-08-23 09:00:00,22.882878497444587,0,3,234,235.375
2018-08-23 10:00:00,21.988022589606015,0,3,235,235.41666666651145
2018-08-23 11:00:00,21.513088784619114,0,3,236,235.45833333348855
2018-08-23 12:00:00,16.28133152161465,0,3,237,235.5
2018-08-23 13:00:00,22.196579219448783,0,3,238,235.54166666651145
2018-08-23 14:00:00,27.408125377457285,0,3,239,235.58333333348855
2018-08-23 15:00:00,33.08418954714661,1,3,240,235.625
2018-08-23 16:00:00,32.082520885651036,1,3,241,235.66666666651145
2018-08-23 17:00:00,29.394665671012653,1,3,242,235.70833333348855
2018-08-23 18:00:00,33.48069127391072,1,3,243,235.75
2018-08-23 19:00:00,40.61810606981994,1,3,244,235.79166666651145
2018-08-23 20:00:00,41.97790667797792,1,3,245,235.83333333348855
2018-08-23 21:00:00,41.276893212526716,1,3,246,235.875
2018-08-23 22:00:00,40.403600582676226,1,3,247,235.91666666651145
2018-08-23 23:00:00,38.40957424345656,1,3,248,235.95833333348855
2018-08-24 00:00:00,,0,3,249,236.0
2018-08-24 01:00:00,28.88945423058815,1,3,250,236.04166666651145
2018-08-24 02:00:00,25.468982823753056,1,3,251,236.08333333348855
2018-08-24 03:00:00,23.48861505351188,1,3,252,236.125
2018-08-24 04:00:00,23.529758057674716,1,3,253,236.16666666651145
2018-08-24 05:00:00,23.455462894166544,1,3,254,236.20833333348855
2018-08-24 06:00:00,26.328254094169957,1,3,255,236.25
2018-08-24 07:00:00,24.71092785276335,0,3,256,236.29166666651145
2018-08-24 08:00:00,24.138789906337735,0,3,257,236.33333333348855
2018-08-24 09:00:00,22.440280454233385,0,3,258,236.375
2018-08-24 10:00:00,21.961804194224296,0,3,259,236.41666666651145
2018-08-24 11:00:00,20.82782671632247,0,3,260,236.45833333348855
2018-08-24 12:00:00,19.270394866053078,0,3,261,236.5
2018-08-24 13:00:00,23.96924393240067,0,3,262,236.54166666651145
2018-08-24 14:00:00,26.965357310809118,0,3,263,236.58333333348855
2018-08-24 15:00:00,26.857161482250245,1,3,264,236.625
2018-08-24 16:00:00,26.134711012645386,1,3,265,236.66666666651145
2018-08-24 17:00:00,27.08353422514146,1,3,266,236.70833333348855
2018-08-24 18:00:00,28.951192816835334,1,3,267,236.75
2018-08-24 19:00:00,35.74397897899381,1,3,268,236.79166666651145
2018-08-24 20:00:00,31.61395832148961,1,3,269,236.83333333348855
2018-08-24 21:00:00,33.96496314980325,1,3,270,236.875
2018-08-24 22:00:00,32.21874092870973,1,3,271,236.91666666651145
2018-08-24 23:00:00,34.84302016250551,1,3,272,236.95833333348855
2018-08-25 00:00:00,37.28026456138818,1,3,273,237.0
2018-08-25 01:00:00,37.90372874106282,1,3,274,237.04166666651145
2018-08-25 02:00:00,36.2764318588804,1,3,275,237.08333333348855
2018-08-25 03:00:00,36.100999500731916,1,3,276,237.125
2018-08-25 04:00:00,30.747694619857423,1,3,277,237.16666666651145
2018-08-25 05:00:00,26.744570726190464,1,3,278,237.20833333348855
2018-08-25 06:00:00,25.452524513593062,1,3,279,237.25
2018-08-25 07:00:00,23.63408537491659,0,3,280,237.29166666651145
2018-08-25 08:00:00,19.07209670347673,0,3,281,237.33333333348855
2018-08-25 09:00:00,13.627354079089638,0,3,282,237.375
2018-08-25 10:00:00,16.42673960862035,0,3,283,237.41666666651145
2018-08-25 11:00:00,18.21835859484609,0,3,284,237.45833333348855
2018-08-25 12:00:00,16.505082218077213,0,3,285,237.5
2018-08-25 13:00:00,17.657124346483815,0,3,286,237.54166666651145
2018-08-25 14:00:00,29.35031333374953,0,3,287,237.58333333348855
2018-08-25 15:00:00,36.80327552847169,1,3,288,237.625
2018-08-25 16:00:00,40.458429072957195,1,3,289,237.66666666651145
2018-08-25 17:00:00,42.40614310608569,1,3,290,237.70833333348855
2018-08-25 18:00:00,39.8174817283653,1,3,291,237.75
2018-08-25 19:00:00,40.66508467262569,1,3,292,237.79166666651145
2018-08-25 20:00:00,38.61740572802395,1,3,293,237.83333333348855
2018-08-25 21:00:00,38.86409861286134,1,3,294,237.875
2018-08-25 22:00:00,39.854201233869965,1,3,295,237.91666666651145
2018-08-25 23:00:00,40.6217797032837,1,3,296,237.95833333348855
2018-08-26 00:00:00,40.275715096739184,1,3,297,238.0
2018-08-26 01:00:00,39.08145046422296,1,3,298,238.04166666651145
2018-08-26 02:00:00,38.69135236046769,1,3,299,238.08333333348855
2018-08-26 03:00:00,37.77514710069476,1,3,300,238.125
2018-08-26 04:00:00,38.31125792051732,1,3,301,238.16666666651145
2018-08-26 05:00:00,37.278057977228734,1,3,302,238.20833333348855
2018-08-26 06:00:00,32.350207331105175,1,3,303,238.25
2018-08-26 07:00:00,30.70327173289454,0,3,304,238.29166666651145
2018-08-26 08:00:00,24.098542003597103,0,3,305,238.33333333348855
2018-08-26 09:00:00,18.9404426879985,0,3,306,238.375
2018-08-26 10:00:00,17.747836989764757,0,3,307,238.41666666651145
2018-08-26 11:00:00,18.355431623288492,0,3,308,238.45833333348855
2018-08-26 12:00:00,18.632975943749532,0,3,309,238.5
2018-08-26 13:00:00,17.30169895589367,0,3,310,238.54166666651145
2018-08-26 14:00:00,20.445702981922384,0,3,311,238.58333333348855
2018-08-26 15:00:00,26.631181260799302,1,3,312,238.625
2018-08-26 16:00:00,29.580974522829706,1,3,313,238.66666666651145
2018-08-26 17:00:00,31.1968699776221,1,3,314,238.70833333348855
2018-08-26 18:00:00,30.850907562223224,1,3,315,238.75
2018-08-26 19:00:00,29.66941313933182,1,3,316,238.79166666651145
2018-08-26 20:00:00,32.524816909981794,1,3,317,238.83333333348855
2018-08-26 21:00:00,30.489223283085806,1,3,318,238.875
2018-08-26 22:00:00,30.800286528092784,1,3,319,238.91666666651145
2018-08-26 23:00:00,27.7699883047337,1,3,320,238.95833333348855
2018-08-27 00:00:00,23.926249368658713,1,3,321,239.0
2018-08-27 01:00:00,21.880489588009187,1,3,322,239.04166666651145
2018-08-27 02:00:00,22.969290640731057,1,3,323,239.08333333348855
2018-08-27 03:00:00,17.421858126783754,1,3,324,239.125
2018-08-27 04:00:00,13.051825690698344,1,3,325,239.16666666651145
2018-08-27 05:00:00,13.311808033365244,1,3,326,239.20833333348855
2018-08-27 06:00:00,12.231320648368255,1,3,327,239.25
2018-08-27 07:00:00,14.08105858344907,0,3,328,239.29166666651145
2018-08-27 08:00:00,15.774441015484918,0,3,329,239.33333333348855
2018-08-27 09:00:00,18.196327136524445,0,3,330,239.375
2018-08-27 10:00:00,18.243379606040943,0,3,331,239.41666666651145
2018-08-27 11:00:00,18.4479224106781,0,3,332,239.45833333348855
2018-08-27 12:00:00,20.180288832197444,0,3,333,239.5
2018-08-27 13:00:00,20.852062250113114,0,3,334,239.54166666651145
2018-08-27 14:00:00,19.122039038430533,0,3,335,239.58333333348855
2018-08-27 15:00:00,24.586303706672712,1,3,336,239.625
2018-08-27 16:00:00,24.67118720297097,1,3,337,239.66666666651145
2018-08-27 17:00:00,24.2713623061692,1,3,338,239.70833333348855
2018-08-27 18:00:00,27.121399979538797,1,3,339,239.75
2018-08-27 19:00:00,26.13810306502164,1,3,340,239.79166666651145
2018-08-27 20:00:00,19.7094911041041,1,3,341,239.83333333348855
2018-08-27 21:00:00,22.49176011469817,1,3,342,239.875
2018-08-27 22:00:00,22.541121741706903,1,3,343,239.91666666651145
2018-08-27 23:00:00,21.56117417879919,1,3,344,239.95833333348855
2018-08-28 00:00:00,20.380483927786077,1,3,345,240.0
2018-08-28 01:00:00,21.814423585483123,1,3,346,240.04166666651145
2018-08-28 02:00:00,22.121082240941735,1,3,347,240.08333333348855
2018-08-28 03:00:00,22.02383723221546,1,3,348,240.125
2018-08-28 04:00:00,19.160858071854936,1,3,349,240.16666666651145
2018-08-28 05:00:00,18.280859311946774,1,3,350,240.20833333348855
2018-08-28 06:00:00,16.037429947308205,1,3,351,240.25
2018-08-28 07:00:00,11.433905224191076,0,3,352,240.29166666651145
2018-08-28 08:00:00,11.814493856790573,0,3,353,240.33333333348855
2018-08-28 09:00:00,13.225096820486183,0,3,354,240.375
2018-08-28 10:00:00,14.784319328282214,0,3,355,240.41666666651145
2018-08-28 11:00:00,12.02774372059494,0,3,356,240.45833333348855
2018-08-28 12:00:00,9.33077881598828,0,3,357,240.5
2018-08-28 13:00:00,10.39343212483642,0,3,358,240.54166666651145
2018-08-28 14:00:00,14.312350703709294,0,3,359,240.58333333348855
2018-08-28 15:00:00,15.825474372762487,0,3,360,240.625
2018-08-28 16:00:00,18.631347721567536,1,3,361,240.66666666651145
2018-08-28 17:00:00,20.71454852296483,1,3,362,240.70833333348855
2018-08-28 18:00:00,17.691434909765004,1,3,363,240.75
2018-08-28 19:00:00,18.973855557003194,1,3,364,240.79166666651145
2018-08-28 20:00:00,19.225122299004934,1,3,365,240.83333333348855
2018-08-28 21:00:00,19.795705414331984,1,3,366,240.875
2018-08-28 22:00:00,20.773311098069527,1,3,367,240.91666666651145
2018-08-28 23:00:00,22.743260231354924,1,3,368,240.95833333348855
2018-08-30 20:00:00,26.4136489564772,1,4,0,242.83333333348855
2018-08-30 21:00:00,25.757523716857577,1,4,1,242.875
2018-08-30 22:00:00,27.17679285202096,1,4,2,242.91666666651145
2018-08-30 23:00:00,26.286719546708518,1,4,3,242.95833333348855
2018-08-31 00:00:00,23.736132142063198,1,4,4,243.0
2018-08-31 01:00:00,23.946765450132148,1,4,5,243.04166666651145
2018-08-31 02:00:00,28.482358967081133,1,4,6,243.08333333348855
2018-08-31 03:00:00,28.96680515160128,1,4,7,243.125
2018-08-31 04:00:00,28.664083134190584,1,4,8,243.16666666651145
2018-08-31 05:00:00,27.437630829312788,1,4,9,243.20833333348855
2018-08-31 06:00:00,21.599295871633057,0,4,10,243.25
2018-08-31 07:00:00,18.96825829421114,0,4,11,243.29166666651145
2018-08-31 08:00:00,16.523642324198633,0,4,12,243.33333333348855
2018-08-31 09:00:00,18.754504553418247,0,4,13,243.375
2018-08-31 10:00:00,22.70077198721104,0,4,14,243.41666666651145
2018-08-31 11:00:00,21.98515698039328,0,4,15,243.45833333348855
2018-08-31 12:00:00,23.643801306234653,0,4,16,243.5
2018-08-31 13:00:00,22.65938824733598,0,4,17,243.54166666651145
2018-08-31 14:00:00,24.007004967418588,0,4,18,243.58333333348855
2018-08-31 15:00:00,24.15948829129076,1,4,19,243.625
2018-08-31 16:00:00,24.58285914975003,1,4,20,243.66666666651145
2018-08-31 17:00:00,24.686323545380034,1,4,21,243.70833333348855
2018-08-31 18:00:00,23.8481776891968,1,4,22,243.75
2018-08-31 19:00:00,24.270113458299658,1,4,23,243.79166666651145
2018-08-31 20:00:00,23.800819036314344,1,4,24,243.83333333348855
2018-08-31 21:00:00,23.493471730942773,1,4,25,243.875
2018-08-31 22:00:00,23.30098285222345,1,4,26,243.91666666651145
2018-08-31 23:00:00,25.753506741294352,1,4,27,243.95833333348855
2018-09-01 00:00:00,26.998189390997023,1,4,28,244.0
2018-09-01 01:00:00,26.96073917402242,1,4,29,244.04166666651145
2018-09-01 02:00:00,27.125018665102427,1,4,30,244.08333333348855
2018-09-01 03:00:00,30.33514041191481,1,4,31,244.125
2018-09-01 04:00:00,27.36287882753528,1,4,32,244.16666666651145
2018-09-01 05:00:00,31.167993500505442,0,4,33,244.20833333348855
2018-09-01 06:00:00,30.952444678303888,0,4,34,244.25
2018-09-01 07:00:00,25.657406202250314,0,4,35,244.29166666651145
2018-09-01 08:00:00,17.01059687439367,0,4,36,244.33333333348855
2018-09-01 09:00:00,15.228622836475857,0,4,37,244.375
2018-09-01 10:00:00,14.103213825713544,0,4,38,244.41666666651145
2018-09-01 11:00:00,14.919700254184596,0,4,39,244.45833333348855
2018-09-01 12:00:00,16.329591437703993,0,4,40,244.5
2018-09-01 13:00:00,20.14549830036717,0,4,41,244.54166666651145
2018-09-01 14:00:00,25.407283535677518,0,4,42,244.58333333348855
2018-09-01 15:00:00,26.18773104320921,0,4,43,244.625
2018-09-01 16:00:00,23.596707352808696,1,4,44,244.66666666651145
2018-09-01 17:00:00,25.36081565931958,1,4,45,244.70833333348855
2018-09-01 18:00:00,24.586323876051846,1,4,46,244.75
2018-09-01 19:00:00,25.610426044994156,1,4,47,244.79166666651145
2018-09-01 20:00:00,26.031737125315882,1,4,48,244.83333333348855
2018-09-01 21:00:00,26.849479432333084,1,4,49,244.875
2018-09-01 22:00:00,28.639926040678525,1,4,50,244.91666666651145
2018-09-01 23:00:00,29.63372721187336,1,4,51,244.95833333348855
2018-09-02 00:00:00,31.026922816505028,1,4,52,245.0
2018-09-02 01:00:00,30.131366675254437,1,4,53,245.04166666651145
2018-09-02 02:00:00,31.267434639620408,1,4,54,245.08333333348855
2018-09-02 03:00:00,31.18440830361755,1,4,55,245.125
2018-09-02 04:00:00,27.006265305017255,1,4,56,245.16666666651145
2018-09-02 05:00:00,27.36701655604232,1,4,57,245.20833333348855
2018-09-02 06:00:00,29.058917095817012,1,4,58,245.25
2018-09-02 07:00:00,26.04377468447899,0,4,59,245.29166666651145
2018-09-02 08:00:00,21.57724674766096,0,4,60,245.33333333348855
2018-09-02 09:00:00,18.191468975551043,0,4,61,245.375
2018-09-02 10:00:00,18.268402486481836,0,4,62,245.41666666651145
2018-09-02 11:00:00,24.67243745034076,0,4,63,245.45833333348855
2018-09-02 12:00:00,26.51868468063128,0,4,64,245.5
2018-09-02 13:00:00,24.09082285228778,0,4,65,245.54166666651145
2018-09-02 14:00:00,27.576263353995635,0,4,66,245.58333333348855
2018-09-02 15:00:00,31.13962806607451,0,4,67,245.625
2018-09-02 16:00:00,36.30582569112561,1,4,68,245.66666666651145
2018-09-02 17:00:00,41.05557620574851,1,4,69,245.70833333348855
2018-09-02 18:00:00,46.297599636906156,1,4,70,245.75
2018-09-02 19:00:00,42.416267400908545,1,4,71,245.79166666651145
2018-09-02 20:00:00,32.690153867367194,1,4,72,245.83333333348855
2018-09-02 21:00:00,35.52375341293096,1,4,73,245.875
2018-09-02 22:00:00,34.796831621140534,1,4,74,245.91666666651145
2018-09-02 23:00:00,32.78507765308688,1,4,75,245.95833333348855
2018-09-03 00:00:00,30.851873134856362,1,4,76,246.0
2018-09-03 01:00:00,28.922189621180625,1,4,77,246.04166666651145
2018-09-03 02:00:00,28.604430443982796,1,4,78,246.08333333348855
2018-09-03 03:00:00,29.018416728807043,1,4,79,246.125
2018-09-03 04:00:00,27.99160587911294,1,4,80,246.16666666651145
2018-09-03 05:00:00,27.221726097083536,1,4,81,246.20833333348855
2018-09-03 06:00:00,27.586096847003983,1,4,82,246.25
2018-09-03 07:00:00,26.113325485015295,0,4,83,246.29166666651145
2018-09-03 08:00:00,21.06681795595977,0,4,84,246.33333333348855
2018-09-03 09:00:00,19.932050513982112,0,4,85,246.375
2018-09-03 10:00:00,20.873990349333198,0,4,86,246.41666666651145
2018-09-03 11:00:00,19.886944276940127,0,4,87,246.45833333348855
2018-09-03 12:00:00,19.64985244092943,0,4,88,246.5
2018-09-03 13:00:00,23.33616377889795,0,4,89,246.54166666651145
2018-09-03 14:00:00,24.62632190083872,0,4,90,246.58333333348855
2018-09-03 15:00:00,30.431277713182396,0,4,91,246.625
2018-09-03 16:00:00,29.167334825114835,1,4,92,246.66666666651145
2018-09-03 17:00:00,28.819446246879913,1,4,93,246.70833333348855
2018-09-03 18:00:00,29.166545524607773,1,4,94,246.75
2018-09-03 19:00:00,28.73739961667788,1,4,95,246.79166666651145
2018-09-03 20:00:00,27.358214531760815,1,4,96,246.83333333348855
2018-09-03 21:00:00,28.63910807696908,1,4,97,246.875
2018-09-03 22:00:00,27.920315376493058,1,4,98,246.91666666651145
2018-09-03 23:00:00,25.59733080422444,1,4,99,246.95833333348855
2018-09-04 00:00:00,25.971537209513748,1,4,100,247.0
2018-09-04 01:00:00,25.889840018835415,1,4,101,247.04166666651145
2018-09-04 02:00:00,27.309562802357355,1,4,102,247.08333333348855
2018-09-04 03:00:00,26.47044776294871,1,4,103,247.125
2018-09-04 04:00:00,26.589489706813996,1,4,104,247.16666666651145
2018-09-04 05:00:00,28.527107603759013,1,4,105,247.20833333348855
2018-09-04 06:00:00,29.04868802784249,0,4,106,247.25
2018-09-04 07:00:00,30.070631709633332,0,4,107,247.29166666651145
2018-09-04 08:00:00,20.912719579378635,0,4,108,247.33333333348855
2018-09-04 09:00:00,16.244539536086307,0,4,109,247.375
2018-09-04 10:00:00,15.85634847940177,0,4,110,247.41666666651145
2018-09-04 11:00:00,16.997211276058607,0,4,111,247.45833333348855
2018-09-04 12:00:00,15.027388305782345,0,4,112,247.5
2018-09-04 13:00:00,20.694842766851338,0,4,113,247.54166666651145
2018-09-04 14:00:00,33.02362500488794,0,4,114,247.58333333348855
2018-09-04 15:00:00,33.533880480790266,0,4,115,247.625
2018-09-04 16:00:00,29.26410963488117,1,4,116,247.66666666651145
2018-09-04 17:00:00,38.990545270187575,1,4,117,247.70833333348855
2018-09-04 18:00:00,38.263067361901996,1,4,118,247.75
2018-09-04 19:00:00,37.343894436965655,1,4,119,247.79166666651145
2018-09-04 20:00:00,31.995382484693398,1,4,120,247.83333333348855
2018-09-04 21:00:00,35.42349772695908,1,4,121,247.875
2018-09-04 22:00:00,30.04412202485693,1,4,122,247.91666666651145
2018-09-04 23:00:00,31.456228936633046,1,4,123,247.95833333348855
2018-09-05 00:00:00,27.37292797390938,1,4,124,248.0
2018-09-05 01:00:00,27.832716388335406,1,4,125,248.04166666651145
2018-09-05 02:00:00,29.229633651266298,1,4,126,248.08333333348855
2018-09-05 03:00:00,29.3673391991963,1,4,127,248.125
2018-09-05 04:00:00,30.125333406928508,1,4,128,248.16666666651145
2018-09-05 05:00:00,28.484982120143016,1,4,129,248.20833333348855
2018-09-05 06:00:00,27.48846937709896,0,4,130,248.25
2018-09-05 07:00:00,20.498045449649954,0,4,131,248.29166666651145
2018-09-05 08:00:00,19.155860041662663,0,4,132,248.33333333348855
2018-09-05 09:00:00,17.48390542359426,0,4,133,248.375
2018-09-05 10:00:00,17.850650442878052,0,4,134,248.41666666651145
2018-09-05 11:00:00,17.367899918748172,0,4,135,248.45833333348855
2018-09-05 12:00:00,21.22524670384154,0,4,136,248.5
2018-09-05 13:00:00,21.58498205086161,0,4,137,248.54166666651145
2018-09-05 14:00:00,24.158473546211777,0,4,138,248.58333333348855
2018-09-05 15:00:00,28.3182870413864,0,4,139,248.625
2018-09-05 16:00:00,31.280399100480512,0,4,140,248.66666666651145
2018-09-05 17:00:00,32.324407004603664,1,4,141,248.70833333348855
2018-09-05 18:00:00,32.82659497538551,1,4,142,248.75
2018-09-05 19:00:00,32.31278265933214,1,4,143,248.79166666651145
2018-09-05 20:00:00,34.25263221274225,1,4,144,248.83333333348855
2018-09-05 21:00:00,34.92925198152025,1,4,145,248.875
2018-09-05 22:00:00,35.053915531764616,1,4,146,248.91666666651145
2018-09-05 23:00:00,36.472739132067964,1,4,147,248.95833333348855
2018-09-06 00:00:00,35.31734301351459,1,4,148,249.0
2018-09-06 01:00:00,31.04721757977941,1,4,149,249.04166666651145
2018-09-06 02:00:00,29.09994627955672,1,4,150,249.08333333348855
2018-09-06 03:00:00,23.62908466824044,1,4,151,249.125
2018-09-06 04:00:00,22.210175957425307,1,4,152,249.16666666651145
2018-09-06 05:00:00,17.516084448147627,1,4,153,249.20833333348855
2018-09-06 06:00:00,20.249185139364453,0,4,154,249.25
2018-09-06 07:00:00,16.542978924506397,0,4,155,249.29166666651145
2018-09-06 08:00:00,16.743519862606643,0,4,156,249.33333333348855
2018-09-06 09:00:00,17.29640817975076,0,4,157,249.375
2018-09-06 10:00:00,16.268641884292315,0,4,158,249.41666666651145
2018-09-06 11:00:00,16.51044528780214,0,4,159,249.45833333348855
2018-09-06 12:00:00,17.817471833698402,0,4,160,249.5
2018-09-06 13:00:00,14.897404375216572,0,4,161,249.54166666651145
2018-09-06 14:00:00,17.130307786122206,0,4,162,249.58333333348855
2018-09-06 15:00:00,15.729394403146548,0,4,163,249.625
2018-09-06 16:00:00,,0,4,164,249.66666666651145
2018-09-06 17:00:00,,0,4,165,249.70833333348855
2018-09-06 18:00:00,,0,4,166,249.75
2018-09-06 19:00:00,,0,4,167,249.79166666651145
2018-09-06 20:00:00,,0,4,168,249.83333333348855
2018-09-06 21:00:00,,0,4,169,249.875
2018-09-06 22:00:00,,0,4,170,249.91666666651145
2018-09-06 23:00:00,,0,4,171,249.95833333348855
2018-09-07 00:00:00,,0,4,172,250.0
2018-09-07 01:00:00,,0,4,173,250.04166666651145
2018-09-07 02:00:00,,0,4,174,250.08333333348855
2018-09-07 03:00:00,,0,4,175,250.125
2018-09-07 04:00:00,,0,4,176,250.16666666651145
2018-09-07 05:00:00,13.476717344382243,1,4,177,250.20833333348855
2018-09-07 06:00:00,20.066427257028163,0,4,178,250.25
2018-09-07 07:00:00,20.761040844553172,0,4,179,250.29166666651145
2018-09-07 08:00:00,22.1129774802267,0,4,180,250.33333333348855
2018-09-07 09:00:00,26.334433316470932,0,4,181,250.375
2018-09-07 10:00:00,25.42925032533,0,4,182,250.41666666651145
2018-09-07 11:00:00,26.60591890229598,0,4,183,250.45833333348855
2018-09-07 12:00:00,24.3961091686898,0,4,184,250.5
2018-09-07 13:00:00,19.65969142553758,0,4,185,250.54166666651145
2018-09-07 14:00:00,15.792015014677048,0,4,186,250.58333333348855
2018-09-07 15:00:00,21.793605482971696,0,4,187,250.625
2018-09-07 16:00:00,22.796568602408563,1,4,188,250.66666666651145
2018-09-07 17:00:00,24.21817235894672,1,4,189,250.70833333348855
2018-09-07 18:00:00,28.78462415777728,1,4,190,250.75
2018-09-07 19:00:00,28.235966833831963,1,4,191,250.79166666651145
2018-09-07 20:00:00,25.104183020172815,1,4,192,250.83333333348855
2018-09-07 21:00:00,31.650226664128848,1,4,193,250.875
2018-09-07 22:00:00,34.71831925388246,1,4,194,250.91666666651145
2018-09-07 23:00:00,33.2054510030798,1,4,195,250.95833333348855
2018-09-08 00:00:00,32.91429470621554,1,4,196,251.0
2018-09-08 01:00:00,37.9134568590389,1,4,197,251.04166666651145
2018-09-08 02:00:00,38.74660671496061,1,4,198,251.08333333348855
2018-09-08 03:00:00,35.79240173315493,1,4,199,251.125
2018-09-08 04:00:00,29.558601830908895,1,4,200,251.16666666651145
2018-09-08 05:00:00,23.60763557095842,1,4,201,251.20833333348855
2018-09-08 06:00:00,17.772502684380523,1,4,202,251.25
2018-09-08 07:00:00,11.374488636394615,0,4,203,251.29166666651145
2018-09-08 08:00:00,10.466311809439302,0,4,204,251.33333333348855
2018-09-08 09:00:00,12.384849926082287,0,4,205,251.375
2018-09-08 10:00:00,12.217463099603421,0,4,206,251.41666666651145
2018-09-08 11:00:00,11.233676968378328,0,4,207,251.45833333348855
2018-09-08 12:00:00,11.365124550044818,0,4,208,251.5
2018-09-08 13:00:00,10.617195742385036,0,4,209,251.54166666651145
2018-09-08 14:00:00,15.002371736986873,0,4,210,251.58333333348855
2018-09-08 15:00:00,21.804231155942027,0,4,211,251.625
2018-09-08 16:00:00,24.0518973377282,1,4,212,251.66666666651145
2018-09-08 17:00:00,20.229690936274412,1,4,213,251.70833333348855
2018-09-08 18:00:00,24.661582236147254,1,4,214,251.75
2018-09-08 19:00:00,31.96675001468808,1,4,215,251.79166666651145
2018-09-08 20:00:00,36.896098611885684,1,4,216,251.83333333348855
2018-09-08 21:00:00,34.65578005532261,1,4,217,251.875
2018-09-08 22:00:00,36.15211889119222,1,4,218,251.91666666651145
2018-09-08 23:00:00,32.93918060923124,1,4,219,251.95833333348855
2018-09-09 00:00:00,30.816037388011097,1,4,220,252.0
2018-09-09 01:00:00,32.719238743272726,1,4,221,252.04166666651145
2018-09-09 02:00:00,35.13997847152134,1,4,222,252.08333333348855
2018-09-09 03:00:00,33.49453189631629,1,4,223,252.125
2018-09-09 04:00:00,31.53813792333096,1,4,224,252.16666666651145
2018-09-09 05:00:00,28.499673343571526,1,4,225,252.20833333348855
2018-09-09 06:00:00,27.082440829058076,0,4,226,252.25
2018-09-09 07:00:00,29.621563788687585,0,4,227,252.29166666651145
2018-09-09 08:00:00,18.677534055487463,0,4,228,252.33333333348855
2018-09-09 09:00:00,13.703941630873977,0,4,229,252.375
2018-09-09 10:00:00,12.724672997055318,0,4,230,252.41666666651145
2018-09-09 11:00:00,11.361008111366173,0,4,231,252.45833333348855
2018-09-09 12:00:00,12.810910124005085,0,4,232,252.5
2018-09-09 13:00:00,13.50249542330135,0,4,233,252.54166666651145
2018-09-09 14:00:00,14.988578940819174,0,4,234,252.58333333348855
2018-09-09 15:00:00,25.382972707387363,0,4,235,252.625
2018-09-09 16:00:00,30.110001066177343,1,4,236,252.66666666651145
2018-09-09 17:00:00,26.582404352574805,1,4,237,252.70833333348855
2018-09-09 18:00:00,29.981150415052667,1,4,238,252.75
2018-09-09 19:00:00,30.096844179088414,1,4,239,252.79166666651145
2018-09-09 20:00:00,31.92629646265304,1,4,240,252.83333333348855
2018-09-09 21:00:00,39.07319685823453,1,4,241,252.875
2018-09-09 22:00:00,40.77881506359884,1,4,242,252.91666666651145
2018-09-09 23:00:00,39.940944088985304,1,4,243,252.95833333348855
2018-09-10 00:00:00,38.33791203315317,1,4,244,253.0
2018-09-10 01:00:00,32.75710611387744,1,4,245,253.04166666651145
2018-09-10 02:00:00,36.677829639749525,1,4,246,253.08333333348855
2018-09-10 03:00:00,30.678222410700684,1,4,247,253.125
2018-09-10 04:00:00,27.698224355485603,1,4,248,253.16666666651145
2018-09-10 05:00:00,29.255038170143525,1,4,249,253.20833333348855
2018-09-10 06:00:00,17.31817446382494,0,4,250,253.25
2018-09-10 07:00:00,19.43907026065831,0,4,251,253.29166666651145
2018-09-10 08:00:00,10.495081387498782,0,4,252,253.33333333348855
2018-09-10 09:00:00,13.459312088520704,0,4,253,253.375
2018-09-10 10:00:00,10.759014374411706,0,4,254,253.41666666651145
2018-09-10 11:00:00,10.434398441156617,0,4,255,253.45833333348855
2018-09-10 12:00:00,10.000655571012484,0,4,256,253.5
2018-09-10 13:00:00,11.046415470036221,0,4,257,253.54166666651145
2018-09-10 14:00:00,12.321252832079502,0,4,258,253.58333333348855
2018-09-10 15:00:00,27.216015133394432,0,4,259,253.625
2018-09-10 16:00:00,32.81255658589675,1,4,260,253.66666666651145
2018-09-10 17:00:00,41.3087058301841,1,4,261,253.70833333348855
2018-09-10 18:00:00,41.211969882957455,1,4,262,253.75
2018-09-10 19:00:00,39.152218855602165,1,4,263,253.79166666651145
2018-09-10 20:00:00,38.838322252980156,1,4,264,253.83333333348855
2018-09-10 21:00:00,39.36629357805071,1,4,265,253.875
2018-09-10 22:00:00,36.3208208496524,1,4,266,253.91666666651145
2018-09-10 23:00:00,33.59527680308676,1,4,267,253.95833333348855
2018-09-11 00:00:00,32.96043336489927,1,4,268,254.0
2018-09-11 01:00:00,32.01921899468689,1,4,269,254.04166666651145
2018-09-11 02:00:00,31.265227580506465,1,4,270,254.08333333348855
2018-09-11 03:00:00,25.403117380075646,1,4,271,254.125
2018-09-11 04:00:00,25.749031469373335,1,4,272,254.16666666651145
2018-09-11 05:00:00,23.056102652505437,1,4,273,254.20833333348855
2018-09-11 06:00:00,17.749477375645576,0,4,274,254.25
2018-09-11 07:00:00,15.538135954531127,0,4,275,254.29166666651145
2018-09-11 08:00:00,14.968678145636547,0,4,276,254.33333333348855
2018-09-11 09:00:00,15.005052059710163,0,4,277,254.375
2018-09-11 10:00:00,15.270616170583459,0,4,278,254.41666666651145
2018-09-11 11:00:00,15.473136438241037,0,4,279,254.45833333348855
2018-09-11 12:00:00,19.178780960467492,0,4,280,254.5
2018-09-11 13:00:00,17.65041690494823,0,4,281,254.54166666651145
2018-09-11 14:00:00,14.327827823923823,0,4,282,254.58333333348855
2018-09-11 15:00:00,18.47351468007293,0,4,283,254.625
2018-09-11 16:00:00,20.142032726386883,1,4,284,254.66666666651145
